id,title,album,artist,year,duration,url
1,Jane Na Nazar Pehchane Jigar,Geetmala Ki Chhaon Mein Vol 01-05,,,,https://archive.org/download/geetmala_collection/Geetmala/Geetmala%20Ki%20Chhaon%20Mein%20Vol%2001-05/0101Commentary-Jane%20Na%20Nazar%20Pehchane%20Jigar.mp3
2,Afsana Likh Rahi Hoon,Geetmala Ki Chhaon Mein Vol 01-05,,,,https://archive.org/download/geetmala_collection/Geetmala/Geetmala%20Ki%20Chhaon%20Mein%20Vol%2001-05/0102Commentary-Afsana%20Likh%20Rahi%20Hoon.mp3
3,Pee Bin Soona Ji,Geetmala Ki Chhaon Mein Vol 01-05,,,,https://archive.org/download/geetmala_collection/Geetmala/Geetmala%20Ki%20Chhaon%20Mein%20Vol%2001-05/0103Commentary-Pee%20Bin%20Soona%20Ji.mp3
4,Bade Armanon Se,Geetmala Ki Chhaon Mein Vol 01-05,,,,https://archive.org/download/geetmala_collection/Geetmala/Geetmala%20Ki%20Chhaon%20Mein%20Vol%2001-05/0104Commentary-Bade%20Armanon%20Se.mp3
5,Ae Gham-E-Dil,Geetmala Ki Chhaon Mein Vol 01-05,Amitabh Bachchan,,,https://archive.org/download/geetmala_collection/Geetmala/Geetmala%20Ki%20Chhaon%20Mein%20Vol%2001-05/0105Interview%20%28Amitabh%20Bachchan%29-Ae%20Gham-E-Dil.mp3
6,Akele Mein Woh Ghabrate,Geetmala Ki Chhaon Mein Vol 01-05,,,,https://archive.org/download/geetmala_collection/Geetmala/Geetmala%20Ki%20Chhaon%20Mein%20Vol%2001-05/0106Commentary-Akele%20Mein%20Woh%20Ghabrate.mp3
7,Tarari Tarari,Geetmala Ki Chhaon Mein Vol 01-05,,,,https://archive.org/download/geetmala_collection/Geetmala/Geetmala%20Ki%20Chhaon%20Mein%20Vol%2001-05/0107Commentary-Tarari%20Tarari.mp3
8,Maan Mera Ehsan Are Nadaan,Geetmala Ki Chhaon Mein Vol 01-05,Suraiya,,,https://archive.org/download/geetmala_collection/Geetmala/Geetmala%20Ki%20Chhaon%20Mein%20Vol%2001-05/0108Interview%20%28Suraiya%29-Maan%20Mera%20Ehsan%20Are%20Nadaan.mp3
9,Piya Milan Ko Jana,Geetmala Ki Chhaon Mein Vol 01-05,,,,https://archive.org/download/geetmala_collection/Geetmala/Geetmala%20Ki%20Chhaon%20Mein%20Vol%2001-05/0109Commentary-Piya%20Milan%20Ko%20Jana.mp3
10,Tere Nainon Ne Chori Kiya,Geetmala Ki Chhaon Mein Vol 01-05,,,,https://archive.org/download/geetmala_collection/Geetmala/Geetmala%20Ki%20Chhaon%20Mein%20Vol%2001-05/0110Commentary-Tere%20Nainon%20Ne%20Chori%20Kiya.mp3
11,Jagmag Jagmag Karta,Geetmala Ki Chhaon Mein Vol 01-05,Kishore Kumar,,,https://archive.org/download/geetmala_collection/Geetmala/Geetmala%20Ki%20Chhaon%20Mein%20Vol%2001-05/0111Interview%20%28Kishore%20Kumar%29-Jagmag%20Jagmag%20Karta.mp3
12,Mere Bachpan Ke Saathi,Geetmala Ki Chhaon Mein Vol 01-05,,,,https://archive.org/download/geetmala_collection/Geetmala/Geetmala%20Ki%20Chhaon%20Mein%20Vol%2001-05/0112Commentary-Mere%20Bachpan%20Ke%20Saathi.mp3
13,Mohe Bhool Gaye Sanwariya,Geetmala Ki Chhaon Mein Vol 01-05,Meena Kumari,,,https://archive.org/download/geetmala_collection/Geetmala/Geetmala%20Ki%20Chhaon%20Mein%20Vol%2001-05/0113Interview%20%28Meena%20Kumari%29-Mohe%20Bhool%20Gaye%20Sanwariya.mp3
14,Dil Me Sama Gaye Sajan,Geetmala Ki Chhaon Mein Vol 01-05,,,,https://archive.org/download/geetmala_collection/Geetmala/Geetmala%20Ki%20Chhaon%20Mein%20Vol%2001-05/0114Commentary-Dil%20Me%20Sama%20Gaye%20Sajan.mp3
15,Yeh Kaun Aya,Geetmala Ki Chhaon Mein Vol 01-05,,,,https://archive.org/download/geetmala_collection/Geetmala/Geetmala%20Ki%20Chhaon%20Mein%20Vol%2001-05/0201Commentary-Yeh%20Kaun%20Aya.mp3
16,Bachpan Ke Din Bhula Na Dena,Geetmala Ki Chhaon Mein Vol 01-05,Tabassum,,,https://archive.org/download/geetmala_collection/Geetmala/Geetmala%20Ki%20Chhaon%20Mein%20Vol%2001-05/0202Interview%20%28Tabassum%29-Bachpan%20Ke%20Din%20Bhula%20Na%20Dena.mp3
17,Hum Tum Yeh Bahar Dekho Rang Laya,Geetmala Ki Chhaon Mein Vol 01-05,,,,https://archive.org/download/geetmala_collection/Geetmala/Geetmala%20Ki%20Chhaon%20Mein%20Vol%2001-05/0203Commentary-Hum%20Tum%20Yeh%20Bahar%20Dekho%20Rang%20Laya.mp3
18,Na Jane Kidhar Aaj Meri Nao,Geetmala Ki Chhaon Mein Vol 01-05,,,,https://archive.org/download/geetmala_collection/Geetmala/Geetmala%20Ki%20Chhaon%20Mein%20Vol%2001-05/0204Commentary-Na%20Jane%20Kidhar%20Aaj%20Meri%20Nao.mp3
19,Main Ban Ki Chidiya Banke,Geetmala Ki Chhaon Mein Vol 01-05,Ashok Kumar,,,https://archive.org/download/geetmala_collection/Geetmala/Geetmala%20Ki%20Chhaon%20Mein%20Vol%2001-05/0205Interview%20%28Ashok%20Kumar%29-Main%20Ban%20Ki%20Chidiya%20Banke.mp3
20,Aayega Aanewala,Geetmala Ki Chhaon Mein Vol 01-05,,,,https://archive.org/download/geetmala_collection/Geetmala/Geetmala%20Ki%20Chhaon%20Mein%20Vol%2001-05/0206Commentary-Aayega%20Aanewala.mp3
21,Aa Mohabbat Ki Basti Basayenge Hum,Geetmala Ki Chhaon Mein Vol 01-05,,,,https://archive.org/download/geetmala_collection/Geetmala/Geetmala%20Ki%20Chhaon%20Mein%20Vol%2001-05/0207Commentary-Aa%20Mohabbat%20Ki%20Basti%20Basayenge%20Hum.mp3
22,Hariyala Sawan,Geetmala Ki Chhaon Mein Vol 01-05,Nirupa Roy,,,https://archive.org/download/geetmala_collection/Geetmala/Geetmala%20Ki%20Chhaon%20Mein%20Vol%2001-05/0208Interview%20%28Nirupa%20Roy%29-Hariyala%20Sawan.mp3
23,Mere Piya Se Koi Ye,Geetmala Ki Chhaon Mein Vol 01-05,,,,https://archive.org/download/geetmala_collection/Geetmala/Geetmala%20Ki%20Chhaon%20Mein%20Vol%2001-05/0209Commentary-Mere%20Piya%20Se%20Koi%20Ye.mp3
24,Awaz De Kahan Hai,Geetmala Ki Chhaon Mein Vol 01-05,,,,https://archive.org/download/geetmala_collection/Geetmala/Geetmala%20Ki%20Chhaon%20Mein%20Vol%2001-05/0210Commentary-Awaz%20De%20Kahan%20Hai.mp3
25,Khayalon Mein Kisi Ke Is Tarah,Geetmala Ki Chhaon Mein Vol 01-05,,,,https://archive.org/download/geetmala_collection/Geetmala/Geetmala%20Ki%20Chhaon%20Mein%20Vol%2001-05/0211Commentary-Khayalon%20Mein%20Kisi%20Ke%20Is%20Tarah.mp3
26,Woh Hamse Chup Hain,Geetmala Ki Chhaon Mein Vol 01-05,C Ramachandra,,,https://archive.org/download/geetmala_collection/Geetmala/Geetmala%20Ki%20Chhaon%20Mein%20Vol%2001-05/0212Interview%20%28C%20Ramachandra%29-Woh%20Hamse%20Chup%20Hain.mp3
27,Tu Ganga Ki Mauj,Geetmala Ki Chhaon Mein Vol 01-05,,,,https://archive.org/download/geetmala_collection/Geetmala/Geetmala%20Ki%20Chhaon%20Mein%20Vol%2001-05/0213Commentary-Tu%20Ganga%20Ki%20Mauj.mp3
28,Milke Bichhad Gai Ankhiyan,Geetmala Ki Chhaon Mein Vol 01-05,,,,https://archive.org/download/geetmala_collection/Geetmala/Geetmala%20Ki%20Chhaon%20Mein%20Vol%2001-05/0301Commentary-Milke%20Bichhad%20Gai%20Ankhiyan.mp3
29,Interview (Pran)-Chanda Re Ja Re Ja Re,Geetmala Ki Chhaon Mein Vol 01-05,,,,https://archive.org/download/geetmala_collection/Geetmala/Geetmala%20Ki%20Chhaon%20Mein%20Vol%2001-05/0302Commentary-Interview%20%28Pran%29-Chanda%20Re%20Ja%20Re%20Ja%20Re.mp3
30,Jiya Beqarar Hai,Geetmala Ki Chhaon Mein Vol 01-05,,,,https://archive.org/download/geetmala_collection/Geetmala/Geetmala%20Ki%20Chhaon%20Mein%20Vol%2001-05/0303Commentary-Jiya%20Beqarar%20Hai.mp3
31,Haath Seene Pe Jo Rakh Do,Geetmala Ki Chhaon Mein Vol 01-05,,,,https://archive.org/download/geetmala_collection/Geetmala/Geetmala%20Ki%20Chhaon%20Mein%20Vol%2001-05/0304Commentary-Haath%20Seene%20Pe%20Jo%20Rakh%20Do.mp3
32,Interview (Mukesh)-Zinda Hoon Is Tarah,Geetmala Ki Chhaon Mein Vol 01-05,,,,https://archive.org/download/geetmala_collection/Geetmala/Geetmala%20Ki%20Chhaon%20Mein%20Vol%2001-05/0305Commentary-Interview%20%28Mukesh%29-Zinda%20Hoon%20Is%20Tarah.mp3
33,Sajan Ki Galiyan Chhod Chale,Geetmala Ki Chhaon Mein Vol 01-05,Shyama,,,https://archive.org/download/geetmala_collection/Geetmala/Geetmala%20Ki%20Chhaon%20Mein%20Vol%2001-05/0306Interview%20%28Shyama%29-Sajan%20Ki%20Galiyan%20Chhod%20Chale.mp3
34,Seene Mein Sulagte Hai Armaan,Geetmala Ki Chhaon Mein Vol 01-05,,,,https://archive.org/download/geetmala_collection/Geetmala/Geetmala%20Ki%20Chhaon%20Mein%20Vol%2001-05/0307Commentary-Seene%20Mein%20Sulagte%20Hai%20Armaan.mp3
35,Ankhiyan Milake Zara Baat Karo Ji,Geetmala Ki Chhaon Mein Vol 01-05,,,,https://archive.org/download/geetmala_collection/Geetmala/Geetmala%20Ki%20Chhaon%20Mein%20Vol%2001-05/0308Commentary-Ankhiyan%20Milake%20Zara%20Baat%20Karo%20Ji.mp3
36,Interview (Suriya)-Man Mor Hua Matwala,Geetmala Ki Chhaon Mein Vol 01-05,,,,https://archive.org/download/geetmala_collection/Geetmala/Geetmala%20Ki%20Chhaon%20Mein%20Vol%2001-05/0309Commentary-Interview%20%28Suriya%29-Man%20Mor%20Hua%20Matwala.mp3
37,Do Naina Tumhare Pyare Pyare,Geetmala Ki Chhaon Mein Vol 01-05,,,,https://archive.org/download/geetmala_collection/Geetmala/Geetmala%20Ki%20Chhaon%20Mein%20Vol%2001-05/0310Commentary-Do%20Naina%20Tumhare%20Pyare%20Pyare.mp3
38,Yeh Zindagi Usiki Hai,Geetmala Ki Chhaon Mein Vol 01-05,Pradeep Kumar,,,https://archive.org/download/geetmala_collection/Geetmala/Geetmala%20Ki%20Chhaon%20Mein%20Vol%2001-05/0311Interview%20%28Pradeep%20Kumar%29-Yeh%20Zindagi%20Usiki%20Hai.mp3
39,Tore Naina Rasile,Geetmala Ki Chhaon Mein Vol 01-05,Anil Biswas,,,https://archive.org/download/geetmala_collection/Geetmala/Geetmala%20Ki%20Chhaon%20Mein%20Vol%2001-05/0312Interview%20%28Anil%20Biswas%29-Tore%20Naina%20Rasile.mp3
40,Aankhon Se Door Jake,Geetmala Ki Chhaon Mein Vol 01-05,,,,https://archive.org/download/geetmala_collection/Geetmala/Geetmala%20Ki%20Chhaon%20Mein%20Vol%2001-05/0313Commentary-Aankhon%20Se%20Door%20Jake.mp3
41,Dekho Woh Chand Chhupke,Geetmala Ki Chhaon Mein Vol 01-05,,,,https://archive.org/download/geetmala_collection/Geetmala/Geetmala%20Ki%20Chhaon%20Mein%20Vol%2001-05/0401Commentary-Dekho%20Woh%20Chand%20Chhupke.mp3
42,Gore Gore Haathon,Geetmala Ki Chhaon Mein Vol 01-05,Talat Mahmood-Mukri,,,https://archive.org/download/geetmala_collection/Geetmala/Geetmala%20Ki%20Chhaon%20Mein%20Vol%2001-05/0402Interview%20%28Talat%20Mahmood-Mukri%29-Gore%20Gore%20Haathon.mp3
43,Aaj Paheli Tarikh Hai,Geetmala Ki Chhaon Mein Vol 01-05,Maruti,,,https://archive.org/download/geetmala_collection/Geetmala/Geetmala%20Ki%20Chhaon%20Mein%20Vol%2001-05/0403Interview%20%28Maruti%29-Aaj%20Paheli%20Tarikh%20Hai.mp3
44,Zameen Chal Rahi,Geetmala Ki Chhaon Mein Vol 01-05,,,,https://archive.org/download/geetmala_collection/Geetmala/Geetmala%20Ki%20Chhaon%20Mein%20Vol%2001-05/0404Commentary-Zameen%20Chal%20Rahi.mp3
45,Bol Pardesia Ye Tu Kya Kiya,Geetmala Ki Chhaon Mein Vol 01-05,,,,https://archive.org/download/geetmala_collection/Geetmala/Geetmala%20Ki%20Chhaon%20Mein%20Vol%2001-05/0405Commentary-Bol%20Pardesia%20Ye%20Tu%20Kya%20Kiya.mp3
46,Nanhe Munne Bachche,Geetmala Ki Chhaon Mein Vol 01-05,David,,,https://archive.org/download/geetmala_collection/Geetmala/Geetmala%20Ki%20Chhaon%20Mein%20Vol%2001-05/0406Interview%20%28David%29-Nanhe%20Munne%20Bachche.mp3
47,Marna Teri Gali Mein,Geetmala Ki Chhaon Mein Vol 01-05,Nutan-Sshyama,,,https://archive.org/download/geetmala_collection/Geetmala/Geetmala%20Ki%20Chhaon%20Mein%20Vol%2001-05/0407Interview%20%28Nutan-Sshyama%29-Marna%20Teri%20Gali%20Mein.mp3
48,Chahe Koi Khush Ho,Geetmala Ki Chhaon Mein Vol 01-05,,,,https://archive.org/download/geetmala_collection/Geetmala/Geetmala%20Ki%20Chhaon%20Mein%20Vol%2001-05/0408Commentary-Chahe%20Koi%20Khush%20Ho.mp3
49,Aa Neele Gagan Tale,Geetmala Ki Chhaon Mein Vol 01-05,Kishore Kumar,,,https://archive.org/download/geetmala_collection/Geetmala/Geetmala%20Ki%20Chhaon%20Mein%20Vol%2001-05/0501Interview%20%28Kishore%20Kumar%29-Aa%20Neele%20Gagan%20Tale.mp3
50,Dil Ka Haal Sune Dilwala,Geetmala Ki Chhaon Mein Vol 01-05,,,,https://archive.org/download/geetmala_collection/Geetmala/Geetmala%20Ki%20Chhaon%20Mein%20Vol%2001-05/0502Commentary-Dil%20Ka%20Haal%20Sune%20Dilwala.mp3
51,Kitna Haseen Hain Mausam,Geetmala Ki Chhaon Mein Vol 01-05,Meena Kumari,,,https://archive.org/download/geetmala_collection/Geetmala/Geetmala%20Ki%20Chhaon%20Mein%20Vol%2001-05/0503Interview%20%28Meena%20Kumari%29-Kitna%20Haseen%20Hain%20Mausam.mp3
52,Woh Na Aayenge Palat Kar,Geetmala Ki Chhaon Mein Vol 01-05,,,,https://archive.org/download/geetmala_collection/Geetmala/Geetmala%20Ki%20Chhaon%20Mein%20Vol%2001-05/0504Commentary-Woh%20Na%20Aayenge%20Palat%20Kar.mp3
53,Phaili Hui Hai Sapnon Ki Bahen,Geetmala Ki Chhaon Mein Vol 01-05,,,,https://archive.org/download/geetmala_collection/Geetmala/Geetmala%20Ki%20Chhaon%20Mein%20Vol%2001-05/0505Commentary-Phaili%20Hui%20Hai%20Sapnon%20Ki%20Bahen.mp3
54,Interview(I S Johar-Hemant Kumar)Tasveer Banata,Geetmala Ki Chhaon Mein Vol 01-05,,,,https://archive.org/download/geetmala_collection/Geetmala/Geetmala%20Ki%20Chhaon%20Mein%20Vol%2001-05/0506Interview%28I%20S%20Johar-Hemant%20Kumar%29Tasveer%20Banata.mp3
55,Apni Chhaya Mein Bhagwan,Geetmala Ki Chhaon Mein Vol 01-05,,,,https://archive.org/download/geetmala_collection/Geetmala/Geetmala%20Ki%20Chhaon%20Mein%20Vol%2001-05/0507Commentary-Apni%20Chhaya%20Mein%20Bhagwan.mp3
56,Interview (Agha)-Ghayal Hiraniyan,Geetmala Ki Chhaon Mein Vol 01-05,,,,https://archive.org/download/geetmala_collection/Geetmala/Geetmala%20Ki%20Chhaon%20Mein%20Vol%2001-05/0508Commentary-Interview%20%28Agha%29-Ghayal%20Hiraniyan.mp3
57,Jabse Mili Tose Ankhiyan,Geetmala Ki Chhaon Mein Vol 01-05,,,,https://archive.org/download/geetmala_collection/Geetmala/Geetmala%20Ki%20Chhaon%20Mein%20Vol%2001-05/0509Commentary-Jabse%20Mili%20Tose%20Ankhiyan.mp3
58,Chand Madhyam Hai,Geetmala Ki Chhaon Mein Vol 01-05,Sunil Dutt,,,https://archive.org/download/geetmala_collection/Geetmala/Geetmala%20Ki%20Chhaon%20Mein%20Vol%2001-05/0510Interview%20%28Sunil%20Dutt%29-Chand%20Madhyam%20Hai.mp3
59,Thandi Hawa Kali Ghata,Geetmala Ki Chhaon Mein Vol 01-05,,,,https://archive.org/download/geetmala_collection/Geetmala/Geetmala%20Ki%20Chhaon%20Mein%20Vol%2001-05/0511Commentary-Thandi%20Hawa%20Kali%20Ghata.mp3
60,Sanwale Salone Aaye Din,Geetmala Ki Chhaon Mein Vol 06-10,B R Chopra,,,https://archive.org/download/geetmala_collection/Geetmala/Geetmala%20Ki%20Chhaon%20Mein%20Vol%2006-10/0601Interview%20%28B%20R%20Chopra%29-Sanwale%20Salone%20Aaye%20Din.mp3
61,Kadar Jane Na Mora Balam,Geetmala Ki Chhaon Mein Vol 06-10,Begum Akhtar,,,https://archive.org/download/geetmala_collection/Geetmala/Geetmala%20Ki%20Chhaon%20Mein%20Vol%2006-10/0602Interview%20%28Begum%20Akhtar%29-Kadar%20Jane%20Na%20Mora%20Balam.mp3
62,Yeh Nai Nai Preet Hai,Geetmala Ki Chhaon Mein Vol 06-10,Raj Khoshla,,,https://archive.org/download/geetmala_collection/Geetmala/Geetmala%20Ki%20Chhaon%20Mein%20Vol%2006-10/0603Interview%20%28Raj%20Khoshla%29-Yeh%20Nai%20Nai%20Preet%20Hai.mp3
63,Aaye Bahar Ban Ke,Geetmala Ki Chhaon Mein Vol 06-10,,,,https://archive.org/download/geetmala_collection/Geetmala/Geetmala%20Ki%20Chhaon%20Mein%20Vol%2006-10/0604Commentary-Aaye%20Bahar%20Ban%20Ke.mp3
64,Interview (Pran)-Aji Chale Aao,Geetmala Ki Chhaon Mein Vol 06-10,,,,https://archive.org/download/geetmala_collection/Geetmala/Geetmala%20Ki%20Chhaon%20Mein%20Vol%2006-10/0605Commentary-Interview%20%28Pran%29-Aji%20Chale%20Aao.mp3
65,Kise Yaad Rakhoon,Geetmala Ki Chhaon Mein Vol 06-10,,,,https://archive.org/download/geetmala_collection/Geetmala/Geetmala%20Ki%20Chhaon%20Mein%20Vol%2006-10/0606Commentary-Kise%20Yaad%20Rakhoon.mp3
66,Manbhavan Ke Ghar Jaye Gori,Geetmala Ki Chhaon Mein Vol 06-10,,,,https://archive.org/download/geetmala_collection/Geetmala/Geetmala%20Ki%20Chhaon%20Mein%20Vol%2006-10/0607Commentary-Manbhavan%20Ke%20Ghar%20Jaye%20Gori.mp3
67,Maine Chand Aur Sitaron Ki,Geetmala Ki Chhaon Mein Vol 06-10,,,,https://archive.org/download/geetmala_collection/Geetmala/Geetmala%20Ki%20Chhaon%20Mein%20Vol%2006-10/0608Commentary-Maine%20Chand%20Aur%20Sitaron%20Ki.mp3
68,Meri Neendon Mein Tum,Geetmala Ki Chhaon Mein Vol 06-10,,,,https://archive.org/download/geetmala_collection/Geetmala/Geetmala%20Ki%20Chhaon%20Mein%20Vol%2006-10/0609Commentary-Meri%20Neendon%20Mein%20Tum.mp3
69,Commentary,Geetmala Ki Chhaon Mein Vol 06-10,Vasant Desai,,,https://archive.org/download/geetmala_collection/Geetmala/Geetmala%20Ki%20Chhaon%20Mein%20Vol%2006-10/0610Commentary-Interview%20%28Vasant%20Desai%29.mp3
70,Short Flashes,Geetmala Ki Chhaon Mein Vol 06-10,,,,https://archive.org/download/geetmala_collection/Geetmala/Geetmala%20Ki%20Chhaon%20Mein%20Vol%2006-10/0611Commentary-Short%20Flashes.mp3
71,O Dil-E-Betaab Thahar,Geetmala Ki Chhaon Mein Vol 06-10,,,,https://archive.org/download/geetmala_collection/Geetmala/Geetmala%20Ki%20Chhaon%20Mein%20Vol%2006-10/0612Commentary-O%20Dil-E-Betaab%20Thahar.mp3
72,Hum Aap Ki Ankhon Mein,Geetmala Ki Chhaon Mein Vol 06-10,Raj Kapoor,,,https://archive.org/download/geetmala_collection/Geetmala/Geetmala%20Ki%20Chhaon%20Mein%20Vol%2006-10/0701Interview%20%28Raj%20Kapoor%29-Hum%20Aap%20Ki%20Ankhon%20Mein.mp3
73,Chand Phir Nikla,Geetmala Ki Chhaon Mein Vol 06-10,Waheeda Rahman,,,https://archive.org/download/geetmala_collection/Geetmala/Geetmala%20Ki%20Chhaon%20Mein%20Vol%2006-10/0702Interview%20%28Waheeda%20Rahman%29-Chand%20Phir%20Nikla.mp3
74,Aaja Panchhi Akela Hai,Geetmala Ki Chhaon Mein Vol 06-10,,,,https://archive.org/download/geetmala_collection/Geetmala/Geetmala%20Ki%20Chhaon%20Mein%20Vol%2006-10/0703Commentary-Aaja%20Panchhi%20Akela%20Hai.mp3
75,Tu Pyar Kare,Geetmala Ki Chhaon Mein Vol 06-10,Naushad-Madan Mohan,,,https://archive.org/download/geetmala_collection/Geetmala/Geetmala%20Ki%20Chhaon%20Mein%20Vol%2006-10/0704Speech%20%28Naushad-Madan%20Mohan%29-Tu%20Pyar%20Kare.mp3
76,Dukhi Man Mere,Geetmala Ki Chhaon Mein Vol 06-10,,,,https://archive.org/download/geetmala_collection/Geetmala/Geetmala%20Ki%20Chhaon%20Mein%20Vol%2006-10/0705Commentary-Dukhi%20Man%20Mere.mp3
77,Yeh Hansta Hua Carvan,Geetmala Ki Chhaon Mein Vol 06-10,Shri Vilas Rao,,,https://archive.org/download/geetmala_collection/Geetmala/Geetmala%20Ki%20Chhaon%20Mein%20Vol%2006-10/0706Speech%20%28Shri%20Vilas%20Rao%29-Yeh%20Hansta%20Hua%20Carvan.mp3
78,Lagi Nahin Chhoote Ram,Geetmala Ki Chhaon Mein Vol 06-10,Atul Churamani,,,https://archive.org/download/geetmala_collection/Geetmala/Geetmala%20Ki%20Chhaon%20Mein%20Vol%2006-10/0707Interview%20%28Atul%20Churamani%29-Lagi%20Nahin%20Chhoote%20Ram.mp3
79,Sab Kuchh Loota Ke,Geetmala Ki Chhaon Mein Vol 06-10,Ajit-Ravi,,,https://archive.org/download/geetmala_collection/Geetmala/Geetmala%20Ki%20Chhaon%20Mein%20Vol%2006-10/0708Interview%20%28Ajit-Ravi%29-Sab%20Kuchh%20Loota%20Ke.mp3
80,Taron Ki Zuban Par Hai,Geetmala Ki Chhaon Mein Vol 06-10,,,,https://archive.org/download/geetmala_collection/Geetmala/Geetmala%20Ki%20Chhaon%20Mein%20Vol%2006-10/0709Commentary-Taron%20Ki%20Zuban%20Par%20Hai.mp3
81,Interview(Mohan Sehgal)Kaun Aaya Mere Man Ke Dware,Geetmala Ki Chhaon Mein Vol 06-10,,,,https://archive.org/download/geetmala_collection/Geetmala/Geetmala%20Ki%20Chhaon%20Mein%20Vol%2006-10/0801Interview%28Mohan%20Sehgal%29Kaun%20Aaya%20Mere%20Man%20Ke%20Dware.mp3
82,Bhool Jayen Sare Gham,Geetmala Ki Chhaon Mein Vol 06-10,,,,https://archive.org/download/geetmala_collection/Geetmala/Geetmala%20Ki%20Chhaon%20Mein%20Vol%2006-10/0802Commentary-Bhool%20Jayen%20Sare%20Gham.mp3
83,Dane Dane Pe Likha Hain,Geetmala Ki Chhaon Mein Vol 06-10,,,,https://archive.org/download/geetmala_collection/Geetmala/Geetmala%20Ki%20Chhaon%20Mein%20Vol%2006-10/0803Commentary-Dane%20Dane%20Pe%20Likha%20Hain.mp3
84,Darshan Do Ghanshyam,Geetmala Ki Chhaon Mein Vol 06-10,Kisore Kumar,,,https://archive.org/download/geetmala_collection/Geetmala/Geetmala%20Ki%20Chhaon%20Mein%20Vol%2006-10/0804Interview%20%28Kisore%20Kumar%29-Darshan%20Do%20Ghanshyam.mp3
85,Teri Chamakti Aankhon Ke,Geetmala Ki Chhaon Mein Vol 06-10,Asha Bhosle,,,https://archive.org/download/geetmala_collection/Geetmala/Geetmala%20Ki%20Chhaon%20Mein%20Vol%2006-10/0805Interview%20%28Asha%20Bhosle%29-Teri%20Chamakti%20Aankhon%20Ke.mp3
86,Kar Gaya Re Mujhpe Jadu,Geetmala Ki Chhaon Mein Vol 06-10,,,,https://archive.org/download/geetmala_collection/Geetmala/Geetmala%20Ki%20Chhaon%20Mein%20Vol%2006-10/0806Commentary-Kar%20Gaya%20Re%20Mujhpe%20Jadu.mp3
87,Pinjre Ke Panchhi,Geetmala Ki Chhaon Mein Vol 06-10,,,,https://archive.org/download/geetmala_collection/Geetmala/Geetmala%20Ki%20Chhaon%20Mein%20Vol%2006-10/0807Commentary-Pinjre%20Ke%20Panchhi.mp3
88,Jane Woh Kaise Log The,Geetmala Ki Chhaon Mein Vol 06-10,,,,https://archive.org/download/geetmala_collection/Geetmala/Geetmala%20Ki%20Chhaon%20Mein%20Vol%2006-10/0808Commentary-Jane%20Woh%20Kaise%20Log%20The.mp3
89,O Chand Jahan Woh Jaye,Geetmala Ki Chhaon Mein Vol 06-10,,,,https://archive.org/download/geetmala_collection/Geetmala/Geetmala%20Ki%20Chhaon%20Mein%20Vol%2006-10/0809Commentary-O%20Chand%20Jahan%20Woh%20Jaye.mp3
90,Aaiye Meharban,Geetmala Ki Chhaon Mein Vol 06-10,,,,https://archive.org/download/geetmala_collection/Geetmala/Geetmala%20Ki%20Chhaon%20Mein%20Vol%2006-10/0901Commentary-Aaiye%20Meharban.mp3
91,Mere Jeevan Mein Kiran Banke,Geetmala Ki Chhaon Mein Vol 06-10,,,,https://archive.org/download/geetmala_collection/Geetmala/Geetmala%20Ki%20Chhaon%20Mein%20Vol%2006-10/0902Commentary-Mere%20Jeevan%20Mein%20Kiran%20Banke.mp3
92,Tie Lagake,Geetmala Ki Chhaon Mein Vol 06-10,Jagdeep,,,https://archive.org/download/geetmala_collection/Geetmala/Geetmala%20Ki%20Chhaon%20Mein%20Vol%2006-10/0903Interview%20%28Jagdeep%29-Tie%20Lagake.mp3
93,Hai Kali Kali Ke Lab Par,Geetmala Ki Chhaon Mein Vol 06-10,,,,https://archive.org/download/geetmala_collection/Geetmala/Geetmala%20Ki%20Chhaon%20Mein%20Vol%2006-10/0904Commentary-Hai%20Kali%20Kali%20Ke%20Lab%20Par.mp3
94,Unko Yeh Shikayat Hai Ki,Geetmala Ki Chhaon Mein Vol 06-10,,,,https://archive.org/download/geetmala_collection/Geetmala/Geetmala%20Ki%20Chhaon%20Mein%20Vol%2006-10/0905Commentary-Unko%20Yeh%20Shikayat%20Hai%20Ki.mp3
95,O Neend Na Mujhko Aaye,Geetmala Ki Chhaon Mein Vol 06-10,,,,https://archive.org/download/geetmala_collection/Geetmala/Geetmala%20Ki%20Chhaon%20Mein%20Vol%2006-10/0906Commentary-O%20Neend%20Na%20Mujhko%20Aaye.mp3
96,Hum Pyar Mein Jalnewalon Ko,Geetmala Ki Chhaon Mein Vol 06-10,,,,https://archive.org/download/geetmala_collection/Geetmala/Geetmala%20Ki%20Chhaon%20Mein%20Vol%2006-10/0907Commentary-Hum%20Pyar%20Mein%20Jalnewalon%20Ko.mp3
97,Aansoo Bhari Hai Ye Jeevan Ki,Geetmala Ki Chhaon Mein Vol 06-10,Mahmood,,,https://archive.org/download/geetmala_collection/Geetmala/Geetmala%20Ki%20Chhaon%20Mein%20Vol%2006-10/0908Interview%20%28Mahmood%29-Aansoo%20Bhari%20Hai%20Ye%20Jeevan%20Ki.mp3
98,Ameen Sayani,Geetmala Ki Chhaon Mein Vol 06-10,,,,https://archive.org/download/geetmala_collection/Geetmala/Geetmala%20Ki%20Chhaon%20Mein%20Vol%2006-10/0909Commentary-Ameen%20Sayani.mp3
99,Main Soya Ankhiyan Meeche,Geetmala Ki Chhaon Mein Vol 06-10,,,,https://archive.org/download/geetmala_collection/Geetmala/Geetmala%20Ki%20Chhaon%20Mein%20Vol%2006-10/0910Commentary-Main%20Soya%20Ankhiyan%20Meeche.mp3
100,Humen Hal-E-Dil Tumse Kehna Hai,Geetmala Ki Chhaon Mein Vol 06-10,,,,https://archive.org/download/geetmala_collection/Geetmala/Geetmala%20Ki%20Chhaon%20Mein%20Vol%2006-10/0911Commentary-Humen%20Hal-E-Dil%20Tumse%20Kehna%20Hai.mp3
101,Ja Ja Re Ja Saajna,Geetmala Ki Chhaon Mein Vol 06-10,,,,https://archive.org/download/geetmala_collection/Geetmala/Geetmala%20Ki%20Chhaon%20Mein%20Vol%2006-10/1001Commentary-Ja%20Ja%20Re%20Ja%20Saajna.mp3
102,Mera Naam Chin Chin Chu,Geetmala Ki Chhaon Mein Vol 06-10,Shakti Samanta,,,https://archive.org/download/geetmala_collection/Geetmala/Geetmala%20Ki%20Chhaon%20Mein%20Vol%2006-10/1002Interview%20%28Shakti%20Samanta%29-Mera%20Naam%20Chin%20Chin%20Chu.mp3
103,Interview (Sunil Dutt)-O Gaadiwale,Geetmala Ki Chhaon Mein Vol 06-10,,,,https://archive.org/download/geetmala_collection/Geetmala/Geetmala%20Ki%20Chhaon%20Mein%20Vol%2006-10/1003Commentary-Interview%20%28Sunil%20Dutt%29-O%20Gaadiwale.mp3
104,Ta Thaiya Karte Aana,Geetmala Ki Chhaon Mein Vol 06-10,,,,https://archive.org/download/geetmala_collection/Geetmala/Geetmala%20Ki%20Chhaon%20Mein%20Vol%2006-10/1004Commentary-Ta%20Thaiya%20Karte%20Aana.mp3
105,Interview (Ameeta)-Haye Jiya Roye Roye,Geetmala Ki Chhaon Mein Vol 06-10,,,,https://archive.org/download/geetmala_collection/Geetmala/Geetmala%20Ki%20Chhaon%20Mein%20Vol%2006-10/1005Commentary-Interview%20%28Ameeta%29-Haye%20Jiya%20Roye%20Roye.mp3
106,Tujhe Kya Sunaoon Main Dilruba,Geetmala Ki Chhaon Mein Vol 06-10,,,,https://archive.org/download/geetmala_collection/Geetmala/Geetmala%20Ki%20Chhaon%20Mein%20Vol%2006-10/1006Commentary-Tujhe%20Kya%20Sunaoon%20Main%20Dilruba.mp3
107,Chhupa Chhupi O Chhupi,Geetmala Ki Chhaon Mein Vol 06-10,Sohrab Modi,,,https://archive.org/download/geetmala_collection/Geetmala/Geetmala%20Ki%20Chhaon%20Mein%20Vol%2006-10/1007Interview%20%28Sohrab%20Modi%29-Chhupa%20Chhupi%20O%20Chhupi.mp3
108,Zulmi Sang Ankh Ladi Re,Geetmala Ki Chhaon Mein Vol 06-10,Gulzar,,,https://archive.org/download/geetmala_collection/Geetmala/Geetmala%20Ki%20Chhaon%20Mein%20Vol%2006-10/1008Interview%20%28Gulzar%29-Zulmi%20Sang%20Ankh%20Ladi%20Re.mp3
109,Boondaniyan Barsan Lagi Re,Geetmala Ki Chhaon Mein Vol 06-10,,,,https://archive.org/download/geetmala_collection/Geetmala/Geetmala%20Ki%20Chhaon%20Mein%20Vol%2006-10/1009Commentary-Boondaniyan%20Barsan%20Lagi%20Re.mp3
110,Tum Jo Huye Mere Humsafar,Geetmala Ki Chhaon Mein Vol 06-10,,,,https://archive.org/download/geetmala_collection/Geetmala/Geetmala%20Ki%20Chhaon%20Mein%20Vol%2006-10/1010Commentary-Tum%20Jo%20Huye%20Mere%20Humsafar.mp3
111,Interview(Majrooh Sultanpuri)Yeh Raaten Yeh Mausam,Geetmala Ki Chhaon Mein Vol 06-10,,,,https://archive.org/download/geetmala_collection/Geetmala/Geetmala%20Ki%20Chhaon%20Mein%20Vol%2006-10/1011Interview%28Majrooh%20Sultanpuri%29Yeh%20Raaten%20Yeh%20Mausam.mp3
112,Piya Piya Na Lage Mora Jiya,Geetmala Ki Chhaon Mein Vol 06-10,,,,https://archive.org/download/geetmala_collection/Geetmala/Geetmala%20Ki%20Chhaon%20Mein%20Vol%2006-10/1012Commentary-Piya%20Piya%20Na%20Lage%20Mora%20Jiya.mp3
113,Hits (Flashes) Nos 32-31-30,Geetmala Ki Chhaon Mein Vol 11-15,,,,https://archive.org/download/geetmala_collection/Geetmala/Geetmala%20Ki%20Chhaon%20Mein%20Vol%2011-15/1101Hits%20%28Flashes%29%20Nos%2032-31-30.mp3
114,Hits (Flashes) Nos 29-28-27-26-25,Geetmala Ki Chhaon Mein Vol 11-15,,,,https://archive.org/download/geetmala_collection/Geetmala/Geetmala%20Ki%20Chhaon%20Mein%20Vol%2011-15/1102Hits%20%28Flashes%29%20Nos%2029-28-27-26-25.mp3
115,Bairan Neend Na Aaye,Geetmala Ki Chhaon Mein Vol 11-15,,,,https://archive.org/download/geetmala_collection/Geetmala/Geetmala%20Ki%20Chhaon%20Mein%20Vol%2011-15/1103Bairan%20Neend%20Na%20Aaye%20With%20Commentary.mp3
116,Chand Chhupa Aur Tare Doobe,Geetmala Ki Chhaon Mein Vol 11-15,,,,https://archive.org/download/geetmala_collection/Geetmala/Geetmala%20Ki%20Chhaon%20Mein%20Vol%2011-15/1104Chand%20Chhupa%20Aur%20Tare%20Doobe%20With%20Commentary.mp3
117,Nain Dwar Se Mann Mein Woh Aake,Geetmala Ki Chhaon Mein Vol 11-15,,,,https://archive.org/download/geetmala_collection/Geetmala/Geetmala%20Ki%20Chhaon%20Mein%20Vol%2011-15/1105Nain%20Dwar%20Se%20Mann%20Mein%20Woh%20Aake%20With%20Commentary.mp3
118,Achha Ji Main Haari Chalo,Geetmala Ki Chhaon Mein Vol 11-15,,,,https://archive.org/download/geetmala_collection/Geetmala/Geetmala%20Ki%20Chhaon%20Mein%20Vol%2011-15/1106Achha%20Ji%20Main%20Haari%20Chalo%20With%20Commentary.mp3
119,Tum Mujhe Bhool Bhi Jao,Geetmala Ki Chhaon Mein Vol 11-15,,,,https://archive.org/download/geetmala_collection/Geetmala/Geetmala%20Ki%20Chhaon%20Mein%20Vol%2011-15/1107Tum%20Mujhe%20Bhool%20Bhi%20Jao%20With%20Commentary.mp3
120,Laagi Chhoote Na Ab To Sanam,Geetmala Ki Chhaon Mein Vol 11-15,,,,https://archive.org/download/geetmala_collection/Geetmala/Geetmala%20Ki%20Chhaon%20Mein%20Vol%2011-15/1108Laagi%20Chhoote%20Na%20Ab%20To%20Sanam%20With%20Commentary.mp3
121,Phoolwa Ban Mahke (Film-Hum Bhi Insaan Hain),Geetmala Ki Chhaon Mein Vol 11-15,,,,https://archive.org/download/geetmala_collection/Geetmala/Geetmala%20Ki%20Chhaon%20Mein%20Vol%2011-15/1109Phoolwa%20Ban%20Mahke%20%28Film-Hum%20Bhi%20Insaan%20Hain%29.mp3
122,Dil Ka Khilauna Hay Toot Gaya,Geetmala Ki Chhaon Mein Vol 11-15,,,,https://archive.org/download/geetmala_collection/Geetmala/Geetmala%20Ki%20Chhaon%20Mein%20Vol%2011-15/1110Dil%20Ka%20Khilauna%20Hay%20Toot%20Gaya%20With%20Commentary.mp3
123,Apne Saiyan Se Naina Ladaibe,Geetmala Ki Chhaon Mein Vol 11-15,,,,https://archive.org/download/geetmala_collection/Geetmala/Geetmala%20Ki%20Chhaon%20Mein%20Vol%2011-15/1111Apne%20Saiyan%20Se%20Naina%20Ladaibe%20With%20Commentary.mp3
124,Tere Pyar Ko Is Tarah Se Bhulana,Geetmala Ki Chhaon Mein Vol 11-15,,,,https://archive.org/download/geetmala_collection/Geetmala/Geetmala%20Ki%20Chhaon%20Mein%20Vol%2011-15/1112Tere%20Pyar%20Ko%20Is%20Tarah%20Se%20Bhulana%20With%20Commentary.mp3
125,Humen To Loot Liya Milke,Geetmala Ki Chhaon Mein Vol 11-15,,,,https://archive.org/download/geetmala_collection/Geetmala/Geetmala%20Ki%20Chhaon%20Mein%20Vol%2011-15/1113Humen%20To%20Loot%20Liya%20Milke%20With%20Commentary.mp3
126,Hits (Flashes) Nos 24-23-22-21,Geetmala Ki Chhaon Mein Vol 11-15,,,,https://archive.org/download/geetmala_collection/Geetmala/Geetmala%20Ki%20Chhaon%20Mein%20Vol%2011-15/1114Hits%20%28Flashes%29%20Nos%2024-23-22-21.mp3
127,Hits (Flashes) Nos 20-19-18-17,Geetmala Ki Chhaon Mein Vol 11-15,,,,https://archive.org/download/geetmala_collection/Geetmala/Geetmala%20Ki%20Chhaon%20Mein%20Vol%2011-15/1115Hits%20%28Flashes%29%20Nos%2020-19-18-17.mp3
128,Hits (Flashes) Nos 16-15-14-13,Geetmala Ki Chhaon Mein Vol 11-15,,,,https://archive.org/download/geetmala_collection/Geetmala/Geetmala%20Ki%20Chhaon%20Mein%20Vol%2011-15/1201Hits%20%28Flashes%29%20Nos%2016-15-14-13.mp3
129,Hits (Flashes) Nos 12-11-10-9,Geetmala Ki Chhaon Mein Vol 11-15,,,,https://archive.org/download/geetmala_collection/Geetmala/Geetmala%20Ki%20Chhaon%20Mein%20Vol%2011-15/1202Hits%20%28Flashes%29%20Nos%2012-11-10-9.mp3
130,Yeh Sama Yeh Khushi Kuchh Bolo,Geetmala Ki Chhaon Mein Vol 11-15,,,,https://archive.org/download/geetmala_collection/Geetmala/Geetmala%20Ki%20Chhaon%20Mein%20Vol%2011-15/1203Yeh%20Sama%20Yeh%20Khushi%20Kuchh%20Bolo%20With%20Commentary.mp3
131,Karib Aao Na (Love Marriage),Geetmala Ki Chhaon Mein Vol 11-15,,,,https://archive.org/download/geetmala_collection/Geetmala/Geetmala%20Ki%20Chhaon%20Mein%20Vol%2011-15/1204Karib%20Aao%20Na%20%28Love%20Marriage%29%20With%20Commentary.mp3
132,Bata Do Koi Kaun Gali Gaye Shyam,Geetmala Ki Chhaon Mein Vol 11-15,,,,https://archive.org/download/geetmala_collection/Geetmala/Geetmala%20Ki%20Chhaon%20Mein%20Vol%2011-15/1205Bata%20Do%20Koi%20Kaun%20Gali%20Gaye%20Shyam%20With%20Commentary.mp3
133,Kadam Bahke Bahke (Bank Manager),Geetmala Ki Chhaon Mein Vol 11-15,,,,https://archive.org/download/geetmala_collection/Geetmala/Geetmala%20Ki%20Chhaon%20Mein%20Vol%2011-15/1206Kadam%20Bahke%20Bahke%20%28Bank%20Manager%29%20With%20Commentary.mp3
134,Yaro Surat Humari Pe Mat Jao,Geetmala Ki Chhaon Mein Vol 11-15,,,,https://archive.org/download/geetmala_collection/Geetmala/Geetmala%20Ki%20Chhaon%20Mein%20Vol%2011-15/1207Yaro%20Surat%20Humari%20Pe%20Mat%20Jao%20With%20Commentary.mp3
135,Dil Ko Lakh Sambhala Ji,Geetmala Ki Chhaon Mein Vol 11-15,,,,https://archive.org/download/geetmala_collection/Geetmala/Geetmala%20Ki%20Chhaon%20Mein%20Vol%2011-15/1208Dil%20Ko%20Lakh%20Sambhala%20Ji%20With%20Commentary.mp3
136,Kachchi Hai Umariya,Geetmala Ki Chhaon Mein Vol 11-15,,,,https://archive.org/download/geetmala_collection/Geetmala/Geetmala%20Ki%20Chhaon%20Mein%20Vol%2011-15/1209Kachchi%20Hai%20Umariya%20With%20Commentary.mp3
137,Sajan Sang Kahe Neha Lagaye,Geetmala Ki Chhaon Mein Vol 11-15,,,,https://archive.org/download/geetmala_collection/Geetmala/Geetmala%20Ki%20Chhaon%20Mein%20Vol%2011-15/1210Sajan%20Sang%20Kahe%20Neha%20Lagaye%20With%20Commentary.mp3
138,Phir Na Kije Meri Gustakh Nigahi,Geetmala Ki Chhaon Mein Vol 11-15,,,,https://archive.org/download/geetmala_collection/Geetmala/Geetmala%20Ki%20Chhaon%20Mein%20Vol%2011-15/1211Phir%20Na%20Kije%20Meri%20Gustakh%20Nigahi%20With%20Commentary.mp3
139,Waqt Ne Kiya Kya Haseen Sitam,Geetmala Ki Chhaon Mein Vol 11-15,,,,https://archive.org/download/geetmala_collection/Geetmala/Geetmala%20Ki%20Chhaon%20Mein%20Vol%2011-15/1212Waqt%20Ne%20Kiya%20Kya%20Haseen%20Sitam%20With%20Commentary.mp3
140,Bheegi Palken Utha Meri Jaan,Geetmala Ki Chhaon Mein Vol 11-15,,,,https://archive.org/download/geetmala_collection/Geetmala/Geetmala%20Ki%20Chhaon%20Mein%20Vol%2011-15/1213Bheegi%20Palken%20Utha%20Meri%20Jaan%20With%20Commentary.mp3
141,Phool Bagiya Mein Bulbul Bole,Geetmala Ki Chhaon Mein Vol 11-15,,,,https://archive.org/download/geetmala_collection/Geetmala/Geetmala%20Ki%20Chhaon%20Mein%20Vol%2011-15/1214Phool%20Bagiya%20Mein%20Bulbul%20Bole%20With%20Commentary.mp3
142,Hits (Flashes) Nos 8-7-6-5,Geetmala Ki Chhaon Mein Vol 11-15,,,,https://archive.org/download/geetmala_collection/Geetmala/Geetmala%20Ki%20Chhaon%20Mein%20Vol%2011-15/1215Hits%20%28Flashes%29%20Nos%208-7-6-5.mp3
143,Hits (Flashes) Nos 4-3-2-1,Geetmala Ki Chhaon Mein Vol 11-15,,,,https://archive.org/download/geetmala_collection/Geetmala/Geetmala%20Ki%20Chhaon%20Mein%20Vol%2011-15/1216Hits%20%28Flashes%29%20Nos%204-3-2-1.mp3
144,Hits (Flashes) Nos 32-31-30,Geetmala Ki Chhaon Mein Vol 11-15,,,,https://archive.org/download/geetmala_collection/Geetmala/Geetmala%20Ki%20Chhaon%20Mein%20Vol%2011-15/1301Hits%20%28Flashes%29%20Nos%2032-31-30.mp3
145,Hits (Flashes) Nos 29-28-27,Geetmala Ki Chhaon Mein Vol 11-15,,,,https://archive.org/download/geetmala_collection/Geetmala/Geetmala%20Ki%20Chhaon%20Mein%20Vol%2011-15/1302Hits%20%28Flashes%29%20Nos%2029-28-27.mp3
146,Hato Kahe Ko Jhuthi Banao Batiyan,Geetmala Ki Chhaon Mein Vol 11-15,,,,https://archive.org/download/geetmala_collection/Geetmala/Geetmala%20Ki%20Chhaon%20Mein%20Vol%2011-15/1303Hato%20Kahe%20Ko%20Jhuthi%20Banao%20Batiyan%20With%20Commentary.mp3
147,Jane Kaise Sapnon Mein Kho Gayi,Geetmala Ki Chhaon Mein Vol 11-15,,,,https://archive.org/download/geetmala_collection/Geetmala/Geetmala%20Ki%20Chhaon%20Mein%20Vol%2011-15/1304Jane%20Kaise%20Sapnon%20Mein%20Kho%20Gayi%20With%20Commentary.mp3
148,Na To Caravan Ki Talash Hai,Geetmala Ki Chhaon Mein Vol 11-15,,,,https://archive.org/download/geetmala_collection/Geetmala/Geetmala%20Ki%20Chhaon%20Mein%20Vol%2011-15/1305Na%20To%20Caravan%20Ki%20Talash%20Hai%20With%20Commentary.mp3
149,Hum Aur Tum Aur Ye Sama,Geetmala Ki Chhaon Mein Vol 11-15,,,,https://archive.org/download/geetmala_collection/Geetmala/Geetmala%20Ki%20Chhaon%20Mein%20Vol%2011-15/1306Hum%20Aur%20Tum%20Aur%20Ye%20Sama%20With%20Commentary.mp3
150,Deewana Mastana Hua Dil,Geetmala Ki Chhaon Mein Vol 11-15,,,,https://archive.org/download/geetmala_collection/Geetmala/Geetmala%20Ki%20Chhaon%20Mein%20Vol%2011-15/1307Deewana%20Mastana%20Hua%20Dil%20With%20Commentary.mp3
151,Dekhiye Yun Na Sharmayega,Geetmala Ki Chhaon Mein Vol 11-15,,,,https://archive.org/download/geetmala_collection/Geetmala/Geetmala%20Ki%20Chhaon%20Mein%20Vol%2011-15/1308Dekhiye%20Yun%20Na%20Sharmayega%20With%20Commentary.mp3
152,Haal-E-Dil Hamara,Geetmala Ki Chhaon Mein Vol 11-15,,,,https://archive.org/download/geetmala_collection/Geetmala/Geetmala%20Ki%20Chhaon%20Mein%20Vol%2011-15/1309Haal-E-Dil%20Hamara%20With%20Commentary.mp3
153,Lahron Pe Laher Ulfut Hai Jawan,Geetmala Ki Chhaon Mein Vol 11-15,,,,https://archive.org/download/geetmala_collection/Geetmala/Geetmala%20Ki%20Chhaon%20Mein%20Vol%2011-15/1310Lahron%20Pe%20Laher%20Ulfut%20Hai%20Jawan%20With%20Commentary.mp3
154,Tujhe Mili Roshni Mujhko Andhera,Geetmala Ki Chhaon Mein Vol 11-15,,,,https://archive.org/download/geetmala_collection/Geetmala/Geetmala%20Ki%20Chhaon%20Mein%20Vol%2011-15/1311Tujhe%20Mili%20Roshni%20Mujhko%20Andhera%20With%20Commentary.mp3
155,Ek Raat Mein Do Do Chand Khile,Geetmala Ki Chhaon Mein Vol 11-15,,,,https://archive.org/download/geetmala_collection/Geetmala/Geetmala%20Ki%20Chhaon%20Mein%20Vol%2011-15/1312Ek%20Raat%20Mein%20Do%20Do%20Chand%20Khile%20With%20Commentary.mp3
156,Hits (Flashes) Nos 26-25-24,Geetmala Ki Chhaon Mein Vol 11-15,,,,https://archive.org/download/geetmala_collection/Geetmala/Geetmala%20Ki%20Chhaon%20Mein%20Vol%2011-15/1313Hits%20%28Flashes%29%20Nos%2026-25-24.mp3
157,Hits (Flashes) Nos 23-22-21,Geetmala Ki Chhaon Mein Vol 11-15,,,,https://archive.org/download/geetmala_collection/Geetmala/Geetmala%20Ki%20Chhaon%20Mein%20Vol%2011-15/1314Hits%20%28Flashes%29%20Nos%2023-22-21.mp3
158,Hits (Flashes) Nos 20-19-18,Geetmala Ki Chhaon Mein Vol 11-15,,,,https://archive.org/download/geetmala_collection/Geetmala/Geetmala%20Ki%20Chhaon%20Mein%20Vol%2011-15/1401Hits%20%28Flashes%29%20Nos%2020-19-18.mp3
159,Hits (Flashes) Nos 17-16,Geetmala Ki Chhaon Mein Vol 11-15,,,,https://archive.org/download/geetmala_collection/Geetmala/Geetmala%20Ki%20Chhaon%20Mein%20Vol%2011-15/1402Hits%20%28Flashes%29%20Nos%2017-16.mp3
160,Baje Payal Chhun Chhun,Geetmala Ki Chhaon Mein Vol 11-15,,,,https://archive.org/download/geetmala_collection/Geetmala/Geetmala%20Ki%20Chhaon%20Mein%20Vol%2011-15/1403Baje%20Payal%20Chhun%20Chhun%20With%20Commentary.mp3
161,Tum Ek Baar Mohabbat Ka Imtihan,Geetmala Ki Chhaon Mein Vol 11-15,,,,https://archive.org/download/geetmala_collection/Geetmala/Geetmala%20Ki%20Chhaon%20Mein%20Vol%2011-15/1404Tum%20Ek%20Baar%20Mohabbat%20Ka%20Imtihan%20With%20Commentary.mp3
162,Dar Pe Aaye Hain Tere Kasam Le,Geetmala Ki Chhaon Mein Vol 11-15,,,,https://archive.org/download/geetmala_collection/Geetmala/Geetmala%20Ki%20Chhaon%20Mein%20Vol%2011-15/1405Dar%20Pe%20Aaye%20Hain%20Tere%20Kasam%20Le%20With%20Commentary.mp3
163,Rang Dil Ki Dhadkan Bhi Lati,Geetmala Ki Chhaon Mein Vol 11-15,,,,https://archive.org/download/geetmala_collection/Geetmala/Geetmala%20Ki%20Chhaon%20Mein%20Vol%2011-15/1406Rang%20Dil%20Ki%20Dhadkan%20Bhi%20Lati%20With%20Commentary.mp3
164,Dil Dhundta Hai Sahare Sahare,Geetmala Ki Chhaon Mein Vol 11-15,,,,https://archive.org/download/geetmala_collection/Geetmala/Geetmala%20Ki%20Chhaon%20Mein%20Vol%2011-15/1407Dil%20Dhundta%20Hai%20Sahare%20Sahare%20With%20Commentary.mp3
165,Rang Rangeela Sanwara,Geetmala Ki Chhaon Mein Vol 11-15,,,,https://archive.org/download/geetmala_collection/Geetmala/Geetmala%20Ki%20Chhaon%20Mein%20Vol%2011-15/1408Rang%20Rangeela%20Sanwara%20With%20Commentary.mp3
166,Bekas Pe Karam Kijiye,Geetmala Ki Chhaon Mein Vol 11-15,,,,https://archive.org/download/geetmala_collection/Geetmala/Geetmala%20Ki%20Chhaon%20Mein%20Vol%2011-15/1409Bekas%20Pe%20Karam%20Kijiye%20With%20Commentary.mp3
167,Main Ne Shayad Tumhen Pehle Bhi,Geetmala Ki Chhaon Mein Vol 11-15,,,,https://archive.org/download/geetmala_collection/Geetmala/Geetmala%20Ki%20Chhaon%20Mein%20Vol%2011-15/1410Main%20Ne%20Shayad%20Tumhen%20Pehle%20Bhi%20With%20Commentary.mp3
168,Hits (Flashes) Nos 15-14-13,Geetmala Ki Chhaon Mein Vol 11-15,,,,https://archive.org/download/geetmala_collection/Geetmala/Geetmala%20Ki%20Chhaon%20Mein%20Vol%2011-15/1411Hits%20%28Flashes%29%20Nos%2015-14-13.mp3
169,Sach Huye Sapne Tere,Geetmala Ki Chhaon Mein Vol 11-15,,,,https://archive.org/download/geetmala_collection/Geetmala/Geetmala%20Ki%20Chhaon%20Mein%20Vol%2011-15/1412Sach%20Huye%20Sapne%20Tere%20With%20Commentary.mp3
170,Hits (Flashes) Nos 12-11,Geetmala Ki Chhaon Mein Vol 11-15,,,,https://archive.org/download/geetmala_collection/Geetmala/Geetmala%20Ki%20Chhaon%20Mein%20Vol%2011-15/1413Hits%20%28Flashes%29%20Nos%2012-11.mp3
171,Tu Har Ek Musibat Ka Muqabla Karle,Geetmala Ki Chhaon Mein Vol 11-15,,,,https://archive.org/download/geetmala_collection/Geetmala/Geetmala%20Ki%20Chhaon%20Mein%20Vol%2011-15/1414Tu%20Har%20Ek%20Musibat%20Ka%20Muqabla%20Karle%20With%20Commentary.mp3
172,Hits (Flashes)-Nos 10 To 6,Geetmala Ki Chhaon Mein Vol 11-15,,,,https://archive.org/download/geetmala_collection/Geetmala/Geetmala%20Ki%20Chhaon%20Mein%20Vol%2011-15/1501Hits%20%28Flashes%29-Nos%2010%20To%206.mp3
173,Alif Zaber Ah,Geetmala Ki Chhaon Mein Vol 11-15,,,,https://archive.org/download/geetmala_collection/Geetmala/Geetmala%20Ki%20Chhaon%20Mein%20Vol%2011-15/1502Alif%20Zaber%20Ah%20With%20Commentary.mp3
174,Chupke Se Mile Pyase Pyase,Geetmala Ki Chhaon Mein Vol 11-15,,,,https://archive.org/download/geetmala_collection/Geetmala/Geetmala%20Ki%20Chhaon%20Mein%20Vol%2011-15/1503Chupke%20Se%20Mile%20Pyase%20Pyase%20With%20Commentary.mp3
175,Kashti Ka Khamosh Safar,Geetmala Ki Chhaon Mein Vol 11-15,,,,https://archive.org/download/geetmala_collection/Geetmala/Geetmala%20Ki%20Chhaon%20Mein%20Vol%2011-15/1504Kashti%20Ka%20Khamosh%20Safar%20With%20Commentary.mp3
176,Ye Bansi-Mila Hai Kisi Ka Jhumka,Geetmala Ki Chhaon Mein Vol 11-15,,,,https://archive.org/download/geetmala_collection/Geetmala/Geetmala%20Ki%20Chhaon%20Mein%20Vol%2011-15/1505Ye%20Bansi-Mila%20Hai%20Kisi%20Ka%20Jhumka%20With%20Commentary.mp3
177,Maayoos To Hoon,Geetmala Ki Chhaon Mein Vol 11-15,,,,https://archive.org/download/geetmala_collection/Geetmala/Geetmala%20Ki%20Chhaon%20Mein%20Vol%2011-15/1506Maayoos%20To%20Hoon%20With%20Commentary.mp3
178,Thare Kajaliyo Banalyun,Geetmala Ki Chhaon Mein Vol 11-15,,,,https://archive.org/download/geetmala_collection/Geetmala/Geetmala%20Ki%20Chhaon%20Mein%20Vol%2011-15/1507Thare%20Kajaliyo%20Banalyun%20With%20Commentary.mp3
179,Teri Nigahon Mein,Geetmala Ki Chhaon Mein Vol 11-15,,,,https://archive.org/download/geetmala_collection/Geetmala/Geetmala%20Ki%20Chhaon%20Mein%20Vol%2011-15/1508Teri%20Nigahon%20Mein%20With%20Commentary.mp3
180,Na Main Dhan Chahun,Geetmala Ki Chhaon Mein Vol 11-15,,,,https://archive.org/download/geetmala_collection/Geetmala/Geetmala%20Ki%20Chhaon%20Mein%20Vol%2011-15/1509Na%20Main%20Dhan%20Chahun%20With%20Commentary.mp3
181,Main Apne Aap Se Ghabra Gaya Hoon,Geetmala Ki Chhaon Mein Vol 11-15,,,,https://archive.org/download/geetmala_collection/Geetmala/Geetmala%20Ki%20Chhaon%20Mein%20Vol%2011-15/1510Main%20Apne%20Aap%20Se%20Ghabra%20Gaya%20Hoon%20With%20Commentary.mp3
182,Hits (Long Flashes)-Nos 5 To 1,Geetmala Ki Chhaon Mein Vol 11-15,,,,https://archive.org/download/geetmala_collection/Geetmala/Geetmala%20Ki%20Chhaon%20Mein%20Vol%2011-15/1511Hits%20%28Long%20Flashes%29-Nos%205%20To%201.mp3
183,Long Flashes Of 7 More Shade Songs,Geetmala Ki Chhaon Mein Vol 11-15,,,,https://archive.org/download/geetmala_collection/Geetmala/Geetmala%20Ki%20Chhaon%20Mein%20Vol%2011-15/1512Long%20Flashes%20Of%207%20More%20Shade%20Songs.mp3
184,Hits (Flashes) Nos 32 To 29,Geetmala Ki Chhaon Mein Vol 16-20,,,,https://archive.org/download/geetmala_collection/Geetmala/Geetmala%20Ki%20Chhaon%20Mein%20Vol%2016-20/1601Hits%20%28Flashes%29%20Nos%2032%20To%2029.mp3
185,Lage Na Mora Jiya (Ghunghat),Geetmala Ki Chhaon Mein Vol 16-20,,,,https://archive.org/download/geetmala_collection/Geetmala/Geetmala%20Ki%20Chhaon%20Mein%20Vol%2016-20/1602Lage%20Na%20Mora%20Jiya%20%28Ghunghat%29-Commentary.mp3
186,Yeh Mausam Rangeen Sama (Modern Girl),Geetmala Ki Chhaon Mein Vol 16-20,,,,https://archive.org/download/geetmala_collection/Geetmala/Geetmala%20Ki%20Chhaon%20Mein%20Vol%2016-20/1603Yeh%20Mausam%20Rangeen%20Sama%20%28Modern%20Girl%29-Commentary.mp3
187,Main Hoon Jhoom Jhoom Jhumroo,Geetmala Ki Chhaon Mein Vol 16-20,,,,https://archive.org/download/geetmala_collection/Geetmala/Geetmala%20Ki%20Chhaon%20Mein%20Vol%2016-20/1604Main%20Hoon%20Jhoom%20Jhoom%20Jhumroo-Commentary.mp3
188,Balma Mane Na (Opera House),Geetmala Ki Chhaon Mein Vol 16-20,,,,https://archive.org/download/geetmala_collection/Geetmala/Geetmala%20Ki%20Chhaon%20Mein%20Vol%2016-20/1605Balma%20Mane%20Na%20%28Opera%20House%29-Commentary.mp3
189,Hits (Flashes) Nos 28 To 25,Geetmala Ki Chhaon Mein Vol 16-20,,,,https://archive.org/download/geetmala_collection/Geetmala/Geetmala%20Ki%20Chhaon%20Mein%20Vol%2016-20/1606Hits%20%28Flashes%29%20Nos%2028%20To%2025.mp3
190,Ghar Aaja Ghir Aaye Badra,Geetmala Ki Chhaon Mein Vol 16-20,,,,https://archive.org/download/geetmala_collection/Geetmala/Geetmala%20Ki%20Chhaon%20Mein%20Vol%2016-20/1607Ghar%20Aaja%20Ghir%20Aaye%20Badra-Commentary.mp3
191,Jab Se Tumhen Dekha Hai (Gharana),Geetmala Ki Chhaon Mein Vol 16-20,,,,https://archive.org/download/geetmala_collection/Geetmala/Geetmala%20Ki%20Chhaon%20Mein%20Vol%2016-20/1608Jab%20Se%20Tumhen%20Dekha%20Hai%20%28Gharana%29-Commentary.mp3
192,Aye Mere Pyare Watan (Kabuliwala),Geetmala Ki Chhaon Mein Vol 16-20,,,,https://archive.org/download/geetmala_collection/Geetmala/Geetmala%20Ki%20Chhaon%20Mein%20Vol%2016-20/1609Aye%20Mere%20Pyare%20Watan%20%28Kabuliwala%29-Commentary.mp3
193,Ladi Re Ladi Tujhse Aankh Jo Ladi,Geetmala Ki Chhaon Mein Vol 16-20,,,,https://archive.org/download/geetmala_collection/Geetmala/Geetmala%20Ki%20Chhaon%20Mein%20Vol%2016-20/1610Ladi%20Re%20Ladi%20Tujhse%20Aankh%20Jo%20Ladi-Commentary.mp3
194,Main Zindagi Ka Saath,Geetmala Ki Chhaon Mein Vol 16-20,,,,https://archive.org/download/geetmala_collection/Geetmala/Geetmala%20Ki%20Chhaon%20Mein%20Vol%2016-20/1611Main%20Zindagi%20Ka%20Saath-Commentary.mp3
195,Hits (Flashes) Nos 24 To 17 (Part-1),Geetmala Ki Chhaon Mein Vol 16-20,,,,https://archive.org/download/geetmala_collection/Geetmala/Geetmala%20Ki%20Chhaon%20Mein%20Vol%2016-20/1612Hits%20%28Flashes%29%20Nos%2024%20To%2017%20%28Part-1%29.mp3
196,Hits (Flashes) Nos 24 To 17 (Part-2),Geetmala Ki Chhaon Mein Vol 16-20,,,,https://archive.org/download/geetmala_collection/Geetmala/Geetmala%20Ki%20Chhaon%20Mein%20Vol%2016-20/1613Hits%20%28Flashes%29%20Nos%2024%20To%2017%20%28Part-2%29.mp3
197,Machalti Arzoo Khadi Bahen Pasare,Geetmala Ki Chhaon Mein Vol 16-20,,,,https://archive.org/download/geetmala_collection/Geetmala/Geetmala%20Ki%20Chhaon%20Mein%20Vol%2016-20/1614Machalti%20Arzoo%20Khadi%20Bahen%20Pasare-Commentary.mp3
198,Bhooli Huyi Yadon (Sanjog),Geetmala Ki Chhaon Mein Vol 16-20,,,,https://archive.org/download/geetmala_collection/Geetmala/Geetmala%20Ki%20Chhaon%20Mein%20Vol%2016-20/1615Bhooli%20Huyi%20Yadon%20%28Sanjog%29-Commentary.mp3
199,Zulfon Ki Ghata Lekar (Reshmi Roomal),Geetmala Ki Chhaon Mein Vol 16-20,,,,https://archive.org/download/geetmala_collection/Geetmala/Geetmala%20Ki%20Chhaon%20Mein%20Vol%2016-20/1616Zulfon%20Ki%20Ghata%20Lekar%20%28Reshmi%20Roomal%29-Commentary.mp3
200,Hits (Flashes) Nos 16 And 15,Geetmala Ki Chhaon Mein Vol 16-20,,,,https://archive.org/download/geetmala_collection/Geetmala/Geetmala%20Ki%20Chhaon%20Mein%20Vol%2016-20/1701Hits%20%28Flashes%29%20Nos%2016%20And%2015.mp3
201,Hits (Flashes) Nos 14 To 11,Geetmala Ki Chhaon Mein Vol 16-20,,,,https://archive.org/download/geetmala_collection/Geetmala/Geetmala%20Ki%20Chhaon%20Mein%20Vol%2016-20/1702Hits%20%28Flashes%29%20Nos%2014%20To%2011.mp3
202,Ganga Aaye Kahan Se (Kabuliwala),Geetmala Ki Chhaon Mein Vol 16-20,,,,https://archive.org/download/geetmala_collection/Geetmala/Geetmala%20Ki%20Chhaon%20Mein%20Vol%2016-20/1703Ganga%20Aaye%20Kahan%20Se%20%28Kabuliwala%29-Commentary.mp3
203,Thandi Hawa Yeh Chandni Suhani,Geetmala Ki Chhaon Mein Vol 16-20,,,,https://archive.org/download/geetmala_collection/Geetmala/Geetmala%20Ki%20Chhaon%20Mein%20Vol%2016-20/1704Thandi%20Hawa%20Yeh%20Chandni%20Suhani-Commentary.mp3
204,Dhalti Jaaye Raat (Razia Sultana),Geetmala Ki Chhaon Mein Vol 16-20,,,,https://archive.org/download/geetmala_collection/Geetmala/Geetmala%20Ki%20Chhaon%20Mein%20Vol%2016-20/1705Dhalti%20Jaaye%20Raat%20%28Razia%20Sultana%29-Commentary.mp3
205,Saath Ho Tum Aur Raat Jawan,Geetmala Ki Chhaon Mein Vol 16-20,,,,https://archive.org/download/geetmala_collection/Geetmala/Geetmala%20Ki%20Chhaon%20Mein%20Vol%2016-20/1706Saath%20Ho%20Tum%20Aur%20Raat%20Jawan-Commentary.mp3
206,Poochho Na Humen Hum Unke Liye,Geetmala Ki Chhaon Mein Vol 16-20,,,,https://archive.org/download/geetmala_collection/Geetmala/Geetmala%20Ki%20Chhaon%20Mein%20Vol%2016-20/1707Poochho%20Na%20Humen%20Hum%20Unke%20Liye-Commentary.mp3
207,Hits (Flashes) Nos 10 To 6 (Part-1),Geetmala Ki Chhaon Mein Vol 16-20,,,,https://archive.org/download/geetmala_collection/Geetmala/Geetmala%20Ki%20Chhaon%20Mein%20Vol%2016-20/1708Hits%20%28Flashes%29%20Nos%2010%20To%206%20%28Part-1%29.mp3
208,Hits (Flashes) Nos 10 To 6 (Part-2),Geetmala Ki Chhaon Mein Vol 16-20,,,,https://archive.org/download/geetmala_collection/Geetmala/Geetmala%20Ki%20Chhaon%20Mein%20Vol%2016-20/1709Hits%20%28Flashes%29%20Nos%2010%20To%206%20%28Part-2%29.mp3
209,Hits (Flashes) Nos 10 To 6 (Part-3),Geetmala Ki Chhaon Mein Vol 16-20,,,,https://archive.org/download/geetmala_collection/Geetmala/Geetmala%20Ki%20Chhaon%20Mein%20Vol%2016-20/1710Hits%20%28Flashes%29%20Nos%2010%20To%206%20%28Part-3%29.mp3
210,Ja Re Ja Re Ud Ja Re Panchhi (Maya),Geetmala Ki Chhaon Mein Vol 16-20,,,,https://archive.org/download/geetmala_collection/Geetmala/Geetmala%20Ki%20Chhaon%20Mein%20Vol%2016-20/1711Ja%20Re%20Ja%20Re%20Ud%20Ja%20Re%20Panchhi%20%28Maya%29-Commentary.mp3
211,Gaa Deewane Jhoom Ke (Flat No 9),Geetmala Ki Chhaon Mein Vol 16-20,,,,https://archive.org/download/geetmala_collection/Geetmala/Geetmala%20Ki%20Chhaon%20Mein%20Vol%2016-20/1712Gaa%20Deewane%20Jhoom%20Ke%20%28Flat%20No%209%29-Commentary.mp3
212,Main Abhi Ghair Hoon,Geetmala Ki Chhaon Mein Vol 16-20,,,,https://archive.org/download/geetmala_collection/Geetmala/Geetmala%20Ki%20Chhaon%20Mein%20Vol%2016-20/1713Main%20Abhi%20Ghair%20Hoon-Commentary.mp3
213,Hits (Flashes) Nos 5 To 3,Geetmala Ki Chhaon Mein Vol 16-20,,,,https://archive.org/download/geetmala_collection/Geetmala/Geetmala%20Ki%20Chhaon%20Mein%20Vol%2016-20/1714Hits%20%28Flashes%29%20Nos%205%20To%203.mp3
214,Allah Tero Naam Ishwar Tero Naam,Geetmala Ki Chhaon Mein Vol 16-20,,,,https://archive.org/download/geetmala_collection/Geetmala/Geetmala%20Ki%20Chhaon%20Mein%20Vol%2016-20/1715Allah%20Tero%20Naam%20Ishwar%20Tero%20Naam-Commentary.mp3
215,Woh Bhooli Dastan Lo Phir Yaad,Geetmala Ki Chhaon Mein Vol 16-20,,,,https://archive.org/download/geetmala_collection/Geetmala/Geetmala%20Ki%20Chhaon%20Mein%20Vol%2016-20/1716Woh%20Bhooli%20Dastan%20Lo%20Phir%20Yaad-Commentary.mp3
216,Hits (Flashes) Nos 2-1,Geetmala Ki Chhaon Mein Vol 16-20,,,,https://archive.org/download/geetmala_collection/Geetmala/Geetmala%20Ki%20Chhaon%20Mein%20Vol%2016-20/1717Hits%20%28Flashes%29%20Nos%202-1.mp3
217,Hits (Flashes)-Nos 32 To 28,Geetmala Ki Chhaon Mein Vol 16-20,,,,https://archive.org/download/geetmala_collection/Geetmala/Geetmala%20Ki%20Chhaon%20Mein%20Vol%2016-20/1801Hits%20%28Flashes%29-Nos%2032%20To%2028.mp3
218,Tere Bin Sajan Lage Na Jiya (Aarti),Geetmala Ki Chhaon Mein Vol 16-20,,,,https://archive.org/download/geetmala_collection/Geetmala/Geetmala%20Ki%20Chhaon%20Mein%20Vol%2016-20/1802Tere%20Bin%20Sajan%20Lage%20Na%20Jiya%20%28Aarti%29-Commentary.mp3
219,Sapne Suhane Ladakpan Ke (Bees Saal Baad),Geetmala Ki Chhaon Mein Vol 16-20,,,,https://archive.org/download/geetmala_collection/Geetmala/Geetmala%20Ki%20Chhaon%20Mein%20Vol%2016-20/1803Sapne%20Suhane%20Ladakpan%20Ke%20%28Bees%20Saal%20Baad%29.mp3
220,Hits (Flashes)-Nos 27 To 21,Geetmala Ki Chhaon Mein Vol 16-20,,,,https://archive.org/download/geetmala_collection/Geetmala/Geetmala%20Ki%20Chhaon%20Mein%20Vol%2016-20/1804Hits%20%28Flashes%29-Nos%2027%20To%2021.mp3
221,Naina Lad Jaihen (Gunga Jumna),Geetmala Ki Chhaon Mein Vol 16-20,,,,https://archive.org/download/geetmala_collection/Geetmala/Geetmala%20Ki%20Chhaon%20Mein%20Vol%2016-20/1805Naina%20Lad%20Jaihen%20%28Gunga%20Jumna%29-Commentary.mp3
222,Badli Badli Duniya Hai Meri,Geetmala Ki Chhaon Mein Vol 16-20,,,,https://archive.org/download/geetmala_collection/Geetmala/Geetmala%20Ki%20Chhaon%20Mein%20Vol%2016-20/1806Badli%20Badli%20Duniya%20Hai%20Meri-Commentary.mp3
223,Gham-E-Hasti Se Bas Begana Hota,Geetmala Ki Chhaon Mein Vol 16-20,,,,https://archive.org/download/geetmala_collection/Geetmala/Geetmala%20Ki%20Chhaon%20Mein%20Vol%2016-20/1807Gham-E-Hasti%20Se%20Bas%20Begana%20Hota-Commentary.mp3
224,Pavan Deewani Na Mane (Dr Vidya),Geetmala Ki Chhaon Mein Vol 16-20,,,,https://archive.org/download/geetmala_collection/Geetmala/Geetmala%20Ki%20Chhaon%20Mein%20Vol%2016-20/1808Pavan%20Deewani%20Na%20Mane%20%28Dr%20Vidya%29-Commentary.mp3
225,Tum Jo Aao To Pyar Aa Jaye,Geetmala Ki Chhaon Mein Vol 16-20,,,,https://archive.org/download/geetmala_collection/Geetmala/Geetmala%20Ki%20Chhaon%20Mein%20Vol%2016-20/1809Tum%20Jo%20Aao%20To%20Pyar%20Aa%20Jaye-Commentary.mp3
226,Chheda Jo Dil Ka Fasana (Naqli Nawab),Geetmala Ki Chhaon Mein Vol 16-20,,,,https://archive.org/download/geetmala_collection/Geetmala/Geetmala%20Ki%20Chhaon%20Mein%20Vol%2016-20/1810Chheda%20Jo%20Dil%20Ka%20Fasana%20%28Naqli%20Nawab%29-Commentary.mp3
227,Ek Samay Par Do Barsaten (Jhoola),Geetmala Ki Chhaon Mein Vol 16-20,,,,https://archive.org/download/geetmala_collection/Geetmala/Geetmala%20Ki%20Chhaon%20Mein%20Vol%2016-20/1811Ek%20Samay%20Par%20Do%20Barsaten%20%28Jhoola%29-Commentary.mp3
228,Dagabaaz Ho Banke Piya (Burmah Road),Geetmala Ki Chhaon Mein Vol 16-20,,,,https://archive.org/download/geetmala_collection/Geetmala/Geetmala%20Ki%20Chhaon%20Mein%20Vol%2016-20/1812Dagabaaz%20Ho%20Banke%20Piya%20%28Burmah%20Road%29-Commentary.mp3
229,Hits (Flashes)-No 20 To 17,Geetmala Ki Chhaon Mein Vol 16-20,,,,https://archive.org/download/geetmala_collection/Geetmala/Geetmala%20Ki%20Chhaon%20Mein%20Vol%2016-20/1813Hits%20%28Flashes%29-No%2020%20To%2017.mp3
230,Hits (Flashes)-No 16 To 13,Geetmala Ki Chhaon Mein Vol 16-20,,,,https://archive.org/download/geetmala_collection/Geetmala/Geetmala%20Ki%20Chhaon%20Mein%20Vol%2016-20/1814Hits%20%28Flashes%29-No%2016%20To%2013.mp3
231,Hits (Flashes)-No 12 To 11,Geetmala Ki Chhaon Mein Vol 16-20,,,,https://archive.org/download/geetmala_collection/Geetmala/Geetmala%20Ki%20Chhaon%20Mein%20Vol%2016-20/1815Hits%20%28Flashes%29-No%2012%20To%2011.mp3
232,Are Kisne Chilman Se Mara,Geetmala Ki Chhaon Mein Vol 16-20,,,,https://archive.org/download/geetmala_collection/Geetmala/Geetmala%20Ki%20Chhaon%20Mein%20Vol%2016-20/1901Are%20Kisne%20Chilman%20Se%20Mara-Commentary.mp3
233,Ja Ja Ja Mere Bachpan (Junglee),Geetmala Ki Chhaon Mein Vol 16-20,,,,https://archive.org/download/geetmala_collection/Geetmala/Geetmala%20Ki%20Chhaon%20Mein%20Vol%2016-20/1902Ja%20Ja%20Ja%20Mere%20Bachpan%20%28Junglee%29-Commentary.mp3
234,Lakhon Tare Aasman Mein,Geetmala Ki Chhaon Mein Vol 16-20,,,,https://archive.org/download/geetmala_collection/Geetmala/Geetmala%20Ki%20Chhaon%20Mein%20Vol%2016-20/1903Lakhon%20Tare%20Aasman%20Mein-Commentary.mp3
235,Chhoti Si Yeh Duniya (Rungoli),Geetmala Ki Chhaon Mein Vol 16-20,,,,https://archive.org/download/geetmala_collection/Geetmala/Geetmala%20Ki%20Chhaon%20Mein%20Vol%2016-20/1904Chhoti%20Si%20Yeh%20Duniya%20%28Rungoli%29-Commentary.mp3
236,Bahut Diya Denewale Ne Tujhko,Geetmala Ki Chhaon Mein Vol 16-20,,,,https://archive.org/download/geetmala_collection/Geetmala/Geetmala%20Ki%20Chhaon%20Mein%20Vol%2016-20/1905Bahut%20Diya%20Denewale%20Ne%20Tujhko-Commentary.mp3
237,Hits (Flashes) Of 1962-Nos 10 To 4,Geetmala Ki Chhaon Mein Vol 16-20,,,,https://archive.org/download/geetmala_collection/Geetmala/Geetmala%20Ki%20Chhaon%20Mein%20Vol%2016-20/1906Hits%20%28Flashes%29%20Of%201962-Nos%2010%20To%204.mp3
238,Hits (Flashes) Of 1962-Nos 3 To 1,Geetmala Ki Chhaon Mein Vol 16-20,,,,https://archive.org/download/geetmala_collection/Geetmala/Geetmala%20Ki%20Chhaon%20Mein%20Vol%2016-20/1907Hits%20%28Flashes%29%20Of%201962-Nos%203%20To%201.mp3
239,Hits (Flashes) Of 1963-Nos 32 To 26,Geetmala Ki Chhaon Mein Vol 16-20,,,,https://archive.org/download/geetmala_collection/Geetmala/Geetmala%20Ki%20Chhaon%20Mein%20Vol%2016-20/1908Hits%20%28Flashes%29%20Of%201963-Nos%2032%20To%2026.mp3
240,Aye Dilruba Dilruba (Rustam Sohrab),Geetmala Ki Chhaon Mein Vol 16-20,,,,https://archive.org/download/geetmala_collection/Geetmala/Geetmala%20Ki%20Chhaon%20Mein%20Vol%2016-20/1909Aye%20Dilruba%20Dilruba%20%28Rustam%20Sohrab%29-Commentary.mp3
241,Phir Aane Laga Yaad Wohi,Geetmala Ki Chhaon Mein Vol 16-20,,,,https://archive.org/download/geetmala_collection/Geetmala/Geetmala%20Ki%20Chhaon%20Mein%20Vol%2016-20/1910Phir%20Aane%20Laga%20Yaad%20Wohi-Commentary.mp3
242,Woh Jo Milte The Kabhi Hum Se,Geetmala Ki Chhaon Mein Vol 16-20,,,,https://archive.org/download/geetmala_collection/Geetmala/Geetmala%20Ki%20Chhaon%20Mein%20Vol%2016-20/1911Woh%20Jo%20Milte%20The%20Kabhi%20Hum%20Se-Commentary.mp3
243,Dekho Rootha Na Karo,Geetmala Ki Chhaon Mein Vol 16-20,,,,https://archive.org/download/geetmala_collection/Geetmala/Geetmala%20Ki%20Chhaon%20Mein%20Vol%2016-20/1912Dekho%20Rootha%20Na%20Karo-Commentary.mp3
244,Taqdeer Ka Fasana (Sehra),Geetmala Ki Chhaon Mein Vol 16-20,,,,https://archive.org/download/geetmala_collection/Geetmala/Geetmala%20Ki%20Chhaon%20Mein%20Vol%2016-20/1913Taqdeer%20Ka%20Fasana%20%28Sehra%29-Commentary.mp3
245,Hits (Flashes) Of 1963-Nos 25 To 21,Geetmala Ki Chhaon Mein Vol 16-20,,,,https://archive.org/download/geetmala_collection/Geetmala/Geetmala%20Ki%20Chhaon%20Mein%20Vol%2016-20/1914Hits%20%28Flashes%29%20Of%201963-Nos%2025%20To%2021.mp3
246,Hits (Flashes) Of 1963-Nos 20 To 17,Geetmala Ki Chhaon Mein Vol 16-20,,,,https://archive.org/download/geetmala_collection/Geetmala/Geetmala%20Ki%20Chhaon%20Mein%20Vol%2016-20/2001Hits%20%28Flashes%29%20Of%201963-Nos%2020%20To%2017.mp3
247,Hits (Flashes) Of 1963-Nos 16 To 11,Geetmala Ki Chhaon Mein Vol 16-20,,,,https://archive.org/download/geetmala_collection/Geetmala/Geetmala%20Ki%20Chhaon%20Mein%20Vol%2016-20/2002Hits%20%28Flashes%29%20Of%201963-Nos%2016%20To%2011.mp3
248,Nigahen Milane Ko Jee Chahta Hai,Geetmala Ki Chhaon Mein Vol 16-20,,,,https://archive.org/download/geetmala_collection/Geetmala/Geetmala%20Ki%20Chhaon%20Mein%20Vol%2016-20/2003Nigahen%20Milane%20Ko%20Jee%20Chahta%20Hai-Commentary.mp3
249,O Mere Majhi Mere Sajan Hai (Bandini),Geetmala Ki Chhaon Mein Vol 16-20,,,,https://archive.org/download/geetmala_collection/Geetmala/Geetmala%20Ki%20Chhaon%20Mein%20Vol%2016-20/2004O%20Mere%20Majhi%20Mere%20Sajan%20Hai%20%28Bandini%29-Commentary.mp3
250,Yeh Khamoshiyan Yeh Tanhaiyan,Geetmala Ki Chhaon Mein Vol 16-20,,,,https://archive.org/download/geetmala_collection/Geetmala/Geetmala%20Ki%20Chhaon%20Mein%20Vol%2016-20/2005Yeh%20Khamoshiyan%20Yeh%20Tanhaiyan-Commentary.mp3
251,Thumak Thumak Mat Chalo,Geetmala Ki Chhaon Mein Vol 16-20,,,,https://archive.org/download/geetmala_collection/Geetmala/Geetmala%20Ki%20Chhaon%20Mein%20Vol%2016-20/2006Thumak%20Thumak%20Mat%20Chalo-Commentary.mp3
252,Tere Bachpan Ko Jawani Ki Dua,Geetmala Ki Chhaon Mein Vol 16-20,,,,https://archive.org/download/geetmala_collection/Geetmala/Geetmala%20Ki%20Chhaon%20Mein%20Vol%2016-20/2007Tere%20Bachpan%20Ko%20Jawani%20Ki%20Dua-Commentary.mp3
253,Hits (Flashes) Of 1963-Nos 10 To 6,Geetmala Ki Chhaon Mein Vol 16-20,,,,https://archive.org/download/geetmala_collection/Geetmala/Geetmala%20Ki%20Chhaon%20Mein%20Vol%2016-20/2008Hits%20%28Flashes%29%20Of%201963-Nos%2010%20To%206.mp3
254,Chheda Mera Dil Ne Tarana (Asli Naqli),Geetmala Ki Chhaon Mein Vol 16-20,,,,https://archive.org/download/geetmala_collection/Geetmala/Geetmala%20Ki%20Chhaon%20Mein%20Vol%2016-20/2009Chheda%20Mera%20Dil%20Ne%20Tarana%20%28Asli%20Naqli%29-Commentary.mp3
255,Poochho Na Kaise Maine,Geetmala Ki Chhaon Mein Vol 16-20,,,,https://archive.org/download/geetmala_collection/Geetmala/Geetmala%20Ki%20Chhaon%20Mein%20Vol%2016-20/2010Poochho%20Na%20Kaise%20Maine-Commentary.mp3
256,Main To Tum Sang Nain Milake,Geetmala Ki Chhaon Mein Vol 16-20,,,,https://archive.org/download/geetmala_collection/Geetmala/Geetmala%20Ki%20Chhaon%20Mein%20Vol%2016-20/2011Main%20To%20Tum%20Sang%20Nain%20Milake-Commentary.mp3
257,Dil Ka Bhanwar Kare Pukar,Geetmala Ki Chhaon Mein Vol 16-20,,,,https://archive.org/download/geetmala_collection/Geetmala/Geetmala%20Ki%20Chhaon%20Mein%20Vol%2016-20/2012Dil%20Ka%20Bhanwar%20Kare%20Pukar-Commentary.mp3
258,Hits (Flashes) Of 1963-Nos 5 To 1,Geetmala Ki Chhaon Mein Vol 16-20,,,,https://archive.org/download/geetmala_collection/Geetmala/Geetmala%20Ki%20Chhaon%20Mein%20Vol%2016-20/2013Hits%20%28Flashes%29%20Of%201963-Nos%205%20To%201.mp3
259,Paas Baitho (Punar Milan),Geetmala Ki Chhaon Mein Vol 21-25,,,,https://archive.org/download/geetmala_collection/Geetmala/Geetmala%20Ki%20Chhaon%20Mein%20Vol%2021-25/2101Paas%20Baitho%20%28Punar%20Milan%29-Commentary.mp3
260,Aa Chal Ke Tujhe,Geetmala Ki Chhaon Mein Vol 21-25,,,,https://archive.org/download/geetmala_collection/Geetmala/Geetmala%20Ki%20Chhaon%20Mein%20Vol%2021-25/2102Aa%20Chal%20Ke%20Tujhe-Commentary.mp3
261,Meri Ankhon Se Koi Neend Liye Jata Hai,Geetmala Ki Chhaon Mein Vol 21-25,,,,https://archive.org/download/geetmala_collection/Geetmala/Geetmala%20Ki%20Chhaon%20Mein%20Vol%2021-25/2103Meri%20Ankhon%20Se%20Koi%20Neend%20Liye%20Jata%20Hai-Commentary.mp3
262,Suraj Re Jalte Rahna,Geetmala Ki Chhaon Mein Vol 21-25,,,,https://archive.org/download/geetmala_collection/Geetmala/Geetmala%20Ki%20Chhaon%20Mein%20Vol%2021-25/2104Suraj%20Re%20Jalte%20Rahna-Commentary.mp3
263,Hits (Flashes) Of 1964-Nos 32 To 29,Geetmala Ki Chhaon Mein Vol 21-25,,,,https://archive.org/download/geetmala_collection/Geetmala/Geetmala%20Ki%20Chhaon%20Mein%20Vol%2021-25/2105Hits%20%28Flashes%29%20Of%201964-Nos%2032%20To%2029.mp3
264,Hits (Flashes) Of 1964-Nos 28 To 24,Geetmala Ki Chhaon Mein Vol 21-25,,,,https://archive.org/download/geetmala_collection/Geetmala/Geetmala%20Ki%20Chhaon%20Mein%20Vol%2021-25/2106Hits%20%28Flashes%29%20Of%201964-Nos%2028%20To%2024.mp3
265,Main Nigahen Tere Chehre Se,Geetmala Ki Chhaon Mein Vol 21-25,,,,https://archive.org/download/geetmala_collection/Geetmala/Geetmala%20Ki%20Chhaon%20Mein%20Vol%2021-25/2107Main%20Nigahen%20Tere%20Chehre%20Se-Commentary.mp3
266,Phool Gendva Na Maro (Dooj Ka Chand),Geetmala Ki Chhaon Mein Vol 21-25,,,,https://archive.org/download/geetmala_collection/Geetmala/Geetmala%20Ki%20Chhaon%20Mein%20Vol%2021-25/2108Phool%20Gendva%20Na%20Maro%20%28Dooj%20Ka%20Chand%29-Commentary.mp3
267,Tum Hamen Pyar Karo Ya Na Karo,Geetmala Ki Chhaon Mein Vol 21-25,,,,https://archive.org/download/geetmala_collection/Geetmala/Geetmala%20Ki%20Chhaon%20Mein%20Vol%2021-25/2109Tum%20Hamen%20Pyar%20Karo%20Ya%20Na%20Karo-Commentary.mp3
268,Maine Rakkha Hai Mohabbat (Shabnam),Geetmala Ki Chhaon Mein Vol 21-25,,,,https://archive.org/download/geetmala_collection/Geetmala/Geetmala%20Ki%20Chhaon%20Mein%20Vol%2021-25/2110Maine%20Rakkha%20Hai%20Mohabbat%20%28Shabnam%29-Commentary.mp3
269,Parbaton Ke Pedon Par Sham Ka Basera,Geetmala Ki Chhaon Mein Vol 21-25,,,,https://archive.org/download/geetmala_collection/Geetmala/Geetmala%20Ki%20Chhaon%20Mein%20Vol%2021-25/2111Parbaton%20Ke%20Pedon%20Par%20Sham%20Ka%20Basera-Commentary.mp3
270,Hits (Flashes) Of 1964-Nos 23 To 18,Geetmala Ki Chhaon Mein Vol 21-25,,,,https://archive.org/download/geetmala_collection/Geetmala/Geetmala%20Ki%20Chhaon%20Mein%20Vol%2021-25/2112Hits%20%28Flashes%29%20Of%201964-Nos%2023%20To%2018.mp3
271,Tum Gagan Ke Chandrama Ho,Geetmala Ki Chhaon Mein Vol 21-25,,,,https://archive.org/download/geetmala_collection/Geetmala/Geetmala%20Ki%20Chhaon%20Mein%20Vol%2021-25/2113Tum%20Gagan%20Ke%20Chandrama%20Ho-Commentary.mp3
272,Yaad Mein Teri Jaag Jaag Ke Hum,Geetmala Ki Chhaon Mein Vol 21-25,,,,https://archive.org/download/geetmala_collection/Geetmala/Geetmala%20Ki%20Chhaon%20Mein%20Vol%2021-25/2201Yaad%20Mein%20Teri%20Jaag%20Jaag%20Ke%20Hum-Commentary.mp3
273,Main Tere Pyar Mein (Ziddi),Geetmala Ki Chhaon Mein Vol 21-25,,,,https://archive.org/download/geetmala_collection/Geetmala/Geetmala%20Ki%20Chhaon%20Mein%20Vol%2021-25/2202Main%20Tere%20Pyar%20Mein%20%28Ziddi%29-Commentary.mp3
274,Woh Hum Na The Woh Tum Na The,Geetmala Ki Chhaon Mein Vol 21-25,,,,https://archive.org/download/geetmala_collection/Geetmala/Geetmala%20Ki%20Chhaon%20Mein%20Vol%2021-25/2203Woh%20Hum%20Na%20The%20Woh%20Tum%20Na%20The-Commentary.mp3
275,Hits (Flashes) Of 1964-Nos 17 To 15,Geetmala Ki Chhaon Mein Vol 21-25,,,,https://archive.org/download/geetmala_collection/Geetmala/Geetmala%20Ki%20Chhaon%20Mein%20Vol%2021-25/2204Hits%20%28Flashes%29%20Of%201964-Nos%2017%20To%2015-Commentary.mp3
276,Hits (Flashes) Of 1964-Nos 14 To 12,Geetmala Ki Chhaon Mein Vol 21-25,,,,https://archive.org/download/geetmala_collection/Geetmala/Geetmala%20Ki%20Chhaon%20Mein%20Vol%2021-25/2205Hits%20%28Flashes%29%20Of%201964-Nos%2014%20To%2012-Commentary.mp3
277,Hai Duniya Usiki Zamana Usika,Geetmala Ki Chhaon Mein Vol 21-25,,,,https://archive.org/download/geetmala_collection/Geetmala/Geetmala%20Ki%20Chhaon%20Mein%20Vol%2021-25/2206Hai%20Duniya%20Usiki%20Zamana%20Usika-Commentary.mp3
278,Phir Wohi Sham Wohi Gham (Jahan Ara),Geetmala Ki Chhaon Mein Vol 21-25,,,,https://archive.org/download/geetmala_collection/Geetmala/Geetmala%20Ki%20Chhaon%20Mein%20Vol%2021-25/2207Phir%20Wohi%20Sham%20Wohi%20Gham%20%28Jahan%20Ara%29-Commentary.mp3
279,Aaj Ki Raat (Nai Umar Ki Nai Fasal),Geetmala Ki Chhaon Mein Vol 21-25,,,,https://archive.org/download/geetmala_collection/Geetmala/Geetmala%20Ki%20Chhaon%20Mein%20Vol%2021-25/2208Aaj%20Ki%20Raat%20%28Nai%20Umar%20Ki%20Nai%20Fasal%29-Commentary.mp3
280,Maangi Hai Duayen Humne Sanam,Geetmala Ki Chhaon Mein Vol 21-25,,,,https://archive.org/download/geetmala_collection/Geetmala/Geetmala%20Ki%20Chhaon%20Mein%20Vol%2021-25/2209Maangi%20Hai%20Duayen%20Humne%20Sanam-Commentary.mp3
281,O Beqarar Dil (Kohraa),Geetmala Ki Chhaon Mein Vol 21-25,,,,https://archive.org/download/geetmala_collection/Geetmala/Geetmala%20Ki%20Chhaon%20Mein%20Vol%2021-25/2210O%20Beqarar%20Dil%20%28Kohraa%29-Commentary.mp3
282,Hits (Flashes) Pf 1964-Nos 11 To 6,Geetmala Ki Chhaon Mein Vol 21-25,,,,https://archive.org/download/geetmala_collection/Geetmala/Geetmala%20Ki%20Chhaon%20Mein%20Vol%2021-25/2211Hits%20%28Flashes%29%20Pf%201964-Nos%2011%20To%206-Commentary.mp3
283,Jeevan Dor Tumhi Sang Bandhi,Geetmala Ki Chhaon Mein Vol 21-25,,,,https://archive.org/download/geetmala_collection/Geetmala/Geetmala%20Ki%20Chhaon%20Mein%20Vol%2021-25/2212Jeevan%20Dor%20Tumhi%20Sang%20Bandhi-Commentary.mp3
284,Hits (Flashes) Of 1964-Nos 5 To 1,Geetmala Ki Chhaon Mein Vol 21-25,,,,https://archive.org/download/geetmala_collection/Geetmala/Geetmala%20Ki%20Chhaon%20Mein%20Vol%2021-25/2213Hits%20%28Flashes%29%20Of%201964-Nos%205%20To%201-Commentary.mp3
285,Hits (Flashes) Of 1965-Nos 32-31,Geetmala Ki Chhaon Mein Vol 21-25,,,,https://archive.org/download/geetmala_collection/Geetmala/Geetmala%20Ki%20Chhaon%20Mein%20Vol%2021-25/2301Hits%20%28Flashes%29%20Of%201965-Nos%2032-31.mp3
286,Hit (Flash) Of 1965-No 30,Geetmala Ki Chhaon Mein Vol 21-25,,,,https://archive.org/download/geetmala_collection/Geetmala/Geetmala%20Ki%20Chhaon%20Mein%20Vol%2021-25/2302Hit%20%28Flash%29%20Of%201965-No%2030-Commentary.mp3
287,Jago Sonewalo Suno Meri Kahani,Geetmala Ki Chhaon Mein Vol 21-25,,,,https://archive.org/download/geetmala_collection/Geetmala/Geetmala%20Ki%20Chhaon%20Mein%20Vol%2021-25/2303Jago%20Sonewalo%20Suno%20Meri%20Kahani-Commentary.mp3
288,Baharon Tham Lo Ab Dil (Namaste Jee),Geetmala Ki Chhaon Mein Vol 21-25,,,,https://archive.org/download/geetmala_collection/Geetmala/Geetmala%20Ki%20Chhaon%20Mein%20Vol%2021-25/2304Baharon%20Tham%20Lo%20Ab%20Dil%20%28Namaste%20Jee%29-Commentary.mp3
289,Hits (Flashes) Of 1965-Nos 29 To 25-Commentary-1,Geetmala Ki Chhaon Mein Vol 21-25,,,,https://archive.org/download/geetmala_collection/Geetmala/Geetmala%20Ki%20Chhaon%20Mein%20Vol%2021-25/2305Hits%20%28Flashes%29%20Of%201965-Nos%2029%20To%2025-Commentary-1.mp3
290,Hits (Flashes) Of 1965-Nos 29 To 25-Commentary-2,Geetmala Ki Chhaon Mein Vol 21-25,,,,https://archive.org/download/geetmala_collection/Geetmala/Geetmala%20Ki%20Chhaon%20Mein%20Vol%2021-25/2306Hits%20%28Flashes%29%20Of%201965-Nos%2029%20To%2025-Commentary-2.mp3
291,Chhedo Na Meri Zulfen,Geetmala Ki Chhaon Mein Vol 21-25,,,,https://archive.org/download/geetmala_collection/Geetmala/Geetmala%20Ki%20Chhaon%20Mein%20Vol%2021-25/2307Chhedo%20Na%20Meri%20Zulfen-Commentary.mp3
292,Tere Paas Aake Mera Waqt Guzar,Geetmala Ki Chhaon Mein Vol 21-25,,,,https://archive.org/download/geetmala_collection/Geetmala/Geetmala%20Ki%20Chhaon%20Mein%20Vol%2021-25/2308Tere%20Paas%20Aake%20Mera%20Waqt%20Guzar-Commentary.mp3
293,Jaag Dil-E-Deewana (Oonche Log),Geetmala Ki Chhaon Mein Vol 21-25,,,,https://archive.org/download/geetmala_collection/Geetmala/Geetmala%20Ki%20Chhaon%20Mein%20Vol%2021-25/2309Jaag%20Dil-E-Deewana%20%28Oonche%20Log%29-Commentary.mp3
294,Hits (Flashes) Of 1965-Nos 24-23-22,Geetmala Ki Chhaon Mein Vol 21-25,,,,https://archive.org/download/geetmala_collection/Geetmala/Geetmala%20Ki%20Chhaon%20Mein%20Vol%2021-25/2310Hits%20%28Flashes%29%20Of%201965-Nos%2024-23-22-Commentary.mp3
295,Zara Si Aahat Hoti Hai (Haqeeqat),Geetmala Ki Chhaon Mein Vol 21-25,,,,https://archive.org/download/geetmala_collection/Geetmala/Geetmala%20Ki%20Chhaon%20Mein%20Vol%2021-25/2311Zara%20Si%20Aahat%20Hoti%20Hai%20%28Haqeeqat%29-Commentary.mp3
296,Hits (Flashes) Of 1965-Nos 21 To 16,Geetmala Ki Chhaon Mein Vol 21-25,,,,https://archive.org/download/geetmala_collection/Geetmala/Geetmala%20Ki%20Chhaon%20Mein%20Vol%2021-25/2312Hits%20%28Flashes%29%20Of%201965-Nos%2021%20To%2016-Commentary.mp3
297,Hit (Flash) Of 1965-No 15,Geetmala Ki Chhaon Mein Vol 21-25,,,,https://archive.org/download/geetmala_collection/Geetmala/Geetmala%20Ki%20Chhaon%20Mein%20Vol%2021-25/2313Hit%20%28Flash%29%20Of%201965-No%2015-Commentary.mp3
298,Aye Mere Watan Ke Logo,Geetmala Ki Chhaon Mein Vol 21-25,,,,https://archive.org/download/geetmala_collection/Geetmala/Geetmala%20Ki%20Chhaon%20Mein%20Vol%2021-25/2314Aye%20Mere%20Watan%20Ke%20Logo-Commentary.mp3
299,Haye Tabassum Tera,Geetmala Ki Chhaon Mein Vol 21-25,,,,https://archive.org/download/geetmala_collection/Geetmala/Geetmala%20Ki%20Chhaon%20Mein%20Vol%2021-25/2401Haye%20Tabassum%20Tera-Commentary.mp3
300,Hits (Flashes) Of 1965-Nos 14 To 9,Geetmala Ki Chhaon Mein Vol 21-25,,,,https://archive.org/download/geetmala_collection/Geetmala/Geetmala%20Ki%20Chhaon%20Mein%20Vol%2021-25/2402Hits%20%28Flashes%29%20Of%201965-Nos%2014%20To%209-Commentary.mp3
301,Aye Meri Zohra Jabeen,Geetmala Ki Chhaon Mein Vol 21-25,,,,https://archive.org/download/geetmala_collection/Geetmala/Geetmala%20Ki%20Chhaon%20Mein%20Vol%2021-25/2403Aye%20Meri%20Zohra%20Jabeen-Commentary.mp3
302,Raaton Ko Chori Chori,Geetmala Ki Chhaon Mein Vol 21-25,,,,https://archive.org/download/geetmala_collection/Geetmala/Geetmala%20Ki%20Chhaon%20Mein%20Vol%2021-25/2404Raaton%20Ko%20Chori%20Chori-Commentary.mp3
303,Dil Ka Diya Jalake Gaya Yeh Koi,Geetmala Ki Chhaon Mein Vol 21-25,,,,https://archive.org/download/geetmala_collection/Geetmala/Geetmala%20Ki%20Chhaon%20Mein%20Vol%2021-25/2405Dil%20Ka%20Diya%20Jalake%20Gaya%20Yeh%20Koi-Commentary.mp3
304,Hits (Flashes) Of 1965-Nos 8 To 6,Geetmala Ki Chhaon Mein Vol 21-25,,,,https://archive.org/download/geetmala_collection/Geetmala/Geetmala%20Ki%20Chhaon%20Mein%20Vol%2021-25/2406Hits%20%28Flashes%29%20Of%201965-Nos%208%20To%206-Commentary.mp3
305,Hits (Flashes) Of 1965-Nos 5 To 4,Geetmala Ki Chhaon Mein Vol 21-25,,,,https://archive.org/download/geetmala_collection/Geetmala/Geetmala%20Ki%20Chhaon%20Mein%20Vol%2021-25/2407Hits%20%28Flashes%29%20Of%201965-Nos%205%20To%204-Commentary.mp3
306,Kuchh Aur Zamana Kehta Hai-Zindagi Khwab Hain,Geetmala Ki Chhaon Mein Vol 21-25,,,,https://archive.org/download/geetmala_collection/Geetmala/Geetmala%20Ki%20Chhaon%20Mein%20Vol%2021-25/2408Kuchh%20Aur%20Zamana%20Kehta%20Hai-Zindagi%20Khwab%20Hain.mp3
307,Hits (Flashes) Of 1965-Nos 3 To 1,Geetmala Ki Chhaon Mein Vol 21-25,,,,https://archive.org/download/geetmala_collection/Geetmala/Geetmala%20Ki%20Chhaon%20Mein%20Vol%2021-25/2409Hits%20%28Flashes%29%20Of%201965-Nos%203%20To%201-Commentary.mp3
308,Flashes Of 6 More Lovely Chhaon Songs,Geetmala Ki Chhaon Mein Vol 21-25,,,,https://archive.org/download/geetmala_collection/Geetmala/Geetmala%20Ki%20Chhaon%20Mein%20Vol%2021-25/2410Flashes%20Of%206%20More%20Lovely%20Chhaon%20Songs-Commentary.mp3
309,Hits (Flashes) Of 1966-Nos 32 To 28,Geetmala Ki Chhaon Mein Vol 21-25,,,,https://archive.org/download/geetmala_collection/Geetmala/Geetmala%20Ki%20Chhaon%20Mein%20Vol%2021-25/2411Hits%20%28Flashes%29%20Of%201966-Nos%2032%20To%2028-Commentary.mp3
310,Sapnon Mein Agar Mere Tum Aao To,Geetmala Ki Chhaon Mein Vol 21-25,,,,https://archive.org/download/geetmala_collection/Geetmala/Geetmala%20Ki%20Chhaon%20Mein%20Vol%2021-25/2412Sapnon%20Mein%20Agar%20Mere%20Tum%20Aao%20To-Commentary.mp3
311,Hits (Flashes) Of 1966-No 27,Geetmala Ki Chhaon Mein Vol 21-25,,,,https://archive.org/download/geetmala_collection/Geetmala/Geetmala%20Ki%20Chhaon%20Mein%20Vol%2021-25/2413Commentary-Hits%20%28Flashes%29%20Of%201966-No%2027.mp3
312,Hits (Flashes) Of 1966-Nos 26 To 18,Geetmala Ki Chhaon Mein Vol 21-25,,,,https://archive.org/download/geetmala_collection/Geetmala/Geetmala%20Ki%20Chhaon%20Mein%20Vol%2021-25/2414Hits%20%28Flashes%29%20Of%201966-Nos%2026%20To%2018-Commentary.mp3
313,Aaya Hai Mujhe Phir Yaad,Geetmala Ki Chhaon Mein Vol 21-25,,,,https://archive.org/download/geetmala_collection/Geetmala/Geetmala%20Ki%20Chhaon%20Mein%20Vol%2021-25/2501Commentary-Aaya%20Hai%20Mujhe%20Phir%20Yaad.mp3
314,Hit (Flash) Of 1966-No 17,Geetmala Ki Chhaon Mein Vol 21-25,,,,https://archive.org/download/geetmala_collection/Geetmala/Geetmala%20Ki%20Chhaon%20Mein%20Vol%2021-25/2502Commentary-Hit%20%28Flash%29%20Of%201966-No%2017.mp3
315,Hit (Flash) Of 1966-No 16,Geetmala Ki Chhaon Mein Vol 21-25,,,,https://archive.org/download/geetmala_collection/Geetmala/Geetmala%20Ki%20Chhaon%20Mein%20Vol%2021-25/2503Hit%20%28Flash%29%20Of%201966-No%2016.mp3
316,Hits (Flashes) Of 1966-Nos 15 To 12,Geetmala Ki Chhaon Mein Vol 21-25,,,,https://archive.org/download/geetmala_collection/Geetmala/Geetmala%20Ki%20Chhaon%20Mein%20Vol%2021-25/2504Commentary-Hits%20%28Flashes%29%20Of%201966-Nos%2015%20To%2012.mp3
317,Aap Ke Haseen Rukh Pe,Geetmala Ki Chhaon Mein Vol 21-25,,,,https://archive.org/download/geetmala_collection/Geetmala/Geetmala%20Ki%20Chhaon%20Mein%20Vol%2021-25/2505Commentary-Aap%20Ke%20Haseen%20Rukh%20Pe.mp3
318,Hit (Flash) Of 1966-Nos 11,Geetmala Ki Chhaon Mein Vol 21-25,,,,https://archive.org/download/geetmala_collection/Geetmala/Geetmala%20Ki%20Chhaon%20Mein%20Vol%2021-25/2506Commentary-Hit%20%28Flash%29%20Of%201966-Nos%2011.mp3
319,Hits (Flashes) Of 1966-Nos 10 To 9,Geetmala Ki Chhaon Mein Vol 21-25,,,,https://archive.org/download/geetmala_collection/Geetmala/Geetmala%20Ki%20Chhaon%20Mein%20Vol%2021-25/2507Commentary-Hits%20%28Flashes%29%20Of%201966-Nos%2010%20To%209.mp3
320,Bedardi Balma Tujhko,Geetmala Ki Chhaon Mein Vol 21-25,,,,https://archive.org/download/geetmala_collection/Geetmala/Geetmala%20Ki%20Chhaon%20Mein%20Vol%2021-25/2508Commentary-Bedardi%20Balma%20Tujhko.mp3
321,Hits (Flashes) Of 1966-Nos 8-7,Geetmala Ki Chhaon Mein Vol 21-25,,,,https://archive.org/download/geetmala_collection/Geetmala/Geetmala%20Ki%20Chhaon%20Mein%20Vol%2021-25/2509Commentary-Hits%20%28Flashes%29%20Of%201966-Nos%208-7.mp3
322,Hits (Flashs) Of 1966-Nos 6 To 4,Geetmala Ki Chhaon Mein Vol 21-25,,,,https://archive.org/download/geetmala_collection/Geetmala/Geetmala%20Ki%20Chhaon%20Mein%20Vol%2021-25/2510Commentary-Hits%20%28Flashs%29%20Of%201966-Nos%206%20To%204.mp3
323,Hit (Flash) Of 1966-No 3,Geetmala Ki Chhaon Mein Vol 21-25,,,,https://archive.org/download/geetmala_collection/Geetmala/Geetmala%20Ki%20Chhaon%20Mein%20Vol%2021-25/2511Commentary-Hit%20%28Flash%29%20Of%201966-No%203.mp3
324,Hit(Flash) Of 1966 No 2,Geetmala Ki Chhaon Mein Vol 21-25,,,,https://archive.org/download/geetmala_collection/Geetmala/Geetmala%20Ki%20Chhaon%20Mein%20Vol%2021-25/2512Commentary-Hit%28Flash%29%20Of%201966%20No%202.mp3
325,Flash Of Top Song Of 1966,Geetmala Ki Chhaon Mein Vol 21-25,,,,https://archive.org/download/geetmala_collection/Geetmala/Geetmala%20Ki%20Chhaon%20Mein%20Vol%2021-25/2513Commentary-Flash%20Of%20Top%20Song%20Of%201966.mp3
326,Chhupa Lo Yun Dil Mein,Geetmala Ki Chhaon Mein Vol 21-25,,,,https://archive.org/download/geetmala_collection/Geetmala/Geetmala%20Ki%20Chhaon%20Mein%20Vol%2021-25/2514Commentary-Chhupa%20Lo%20Yun%20Dil%20Mein.mp3
327,Suno Sajna Papihe Ne Kaha,Geetmala Ki Chhaon Mein Vol 26-30,,,,https://archive.org/download/geetmala_collection/Geetmala/Geetmala%20Ki%20Chhaon%20Mein%20Vol%2026-30/2601Commentary-Suno%20Sajna%20Papihe%20Ne%20Kaha.mp3
328,Hits (Flashes) Of 1967-No 32 To 29,Geetmala Ki Chhaon Mein Vol 26-30,,,,https://archive.org/download/geetmala_collection/Geetmala/Geetmala%20Ki%20Chhaon%20Mein%20Vol%2026-30/2602Commentary-Hits%20%28Flashes%29%20Of%201967-No%2032%20To%2029.mp3
329,Sharabi Sharabi Yeh Sawan Ka Mausam,Geetmala Ki Chhaon Mein Vol 26-30,,,,https://archive.org/download/geetmala_collection/Geetmala/Geetmala%20Ki%20Chhaon%20Mein%20Vol%2026-30/2603Commentary-Sharabi%20Sharabi%20Yeh%20Sawan%20Ka%20Mausam.mp3
330,Chunri Sambhal Gori,Geetmala Ki Chhaon Mein Vol 26-30,,,,https://archive.org/download/geetmala_collection/Geetmala/Geetmala%20Ki%20Chhaon%20Mein%20Vol%2026-30/2604Commentary-Chunri%20Sambhal%20Gori.mp3
331,Dil Ki Girah Khol Do,Geetmala Ki Chhaon Mein Vol 26-30,,,,https://archive.org/download/geetmala_collection/Geetmala/Geetmala%20Ki%20Chhaon%20Mein%20Vol%2026-30/2605Commentary-Dil%20Ki%20Girah%20Khol%20Do.mp3
332,Mere Jahan Mein Tum Pyar Leke,Geetmala Ki Chhaon Mein Vol 26-30,,,,https://archive.org/download/geetmala_collection/Geetmala/Geetmala%20Ki%20Chhaon%20Mein%20Vol%2026-30/2606Commentary-Mere%20Jahan%20Mein%20Tum%20Pyar%20Leke.mp3
333,Hits (Flashes) Of 1967-No 28 To 26,Geetmala Ki Chhaon Mein Vol 26-30,,,,https://archive.org/download/geetmala_collection/Geetmala/Geetmala%20Ki%20Chhaon%20Mein%20Vol%2026-30/2607Commentary-Hits%20%28Flashes%29%20Of%201967-No%2028%20To%2026.mp3
334,Hits (Flashes) Of 1967-No 25 To 23,Geetmala Ki Chhaon Mein Vol 26-30,,,,https://archive.org/download/geetmala_collection/Geetmala/Geetmala%20Ki%20Chhaon%20Mein%20Vol%2026-30/2608Commentary-Hits%20%28Flashes%29%20Of%201967-No%2025%20To%2023.mp3
335,Tum Bin Jeevan Kaise Beeta,Geetmala Ki Chhaon Mein Vol 26-30,,,,https://archive.org/download/geetmala_collection/Geetmala/Geetmala%20Ki%20Chhaon%20Mein%20Vol%2026-30/2609Commentary-Tum%20Bin%20Jeevan%20Kaise%20Beeta.mp3
336,Hits (Flashes) Of 1967-No 22 To 19,Geetmala Ki Chhaon Mein Vol 26-30,,,,https://archive.org/download/geetmala_collection/Geetmala/Geetmala%20Ki%20Chhaon%20Mein%20Vol%2026-30/2610Commentary-Hits%20%28Flashes%29%20Of%201967-No%2022%20To%2019.mp3
337,Hit (Flash) Of 1967-No 18,Geetmala Ki Chhaon Mein Vol 26-30,,,,https://archive.org/download/geetmala_collection/Geetmala/Geetmala%20Ki%20Chhaon%20Mein%20Vol%2026-30/2611Commentary-Hit%20%28Flash%29%20Of%201967-No%2018.mp3
338,Hit (Flash) Of 1967-No 17(A),Geetmala Ki Chhaon Mein Vol 26-30,,,,https://archive.org/download/geetmala_collection/Geetmala/Geetmala%20Ki%20Chhaon%20Mein%20Vol%2026-30/2612Commentary-Hit%20%28Flash%29%20Of%201967-No%2017%28A%29.mp3
339,Hit (Flash) Of 1967-No 17(B),Geetmala Ki Chhaon Mein Vol 26-30,,,,https://archive.org/download/geetmala_collection/Geetmala/Geetmala%20Ki%20Chhaon%20Mein%20Vol%2026-30/2613Commentary-Hit%20%28Flash%29%20Of%201967-No%2017%28B%29.mp3
340,Hit (Flash) Of 1967-No 16,Geetmala Ki Chhaon Mein Vol 26-30,,,,https://archive.org/download/geetmala_collection/Geetmala/Geetmala%20Ki%20Chhaon%20Mein%20Vol%2026-30/2614Commentary-Hit%20%28Flash%29%20Of%201967-No%2016.mp3
341,Tere Pyar Ne Mujhe Gham Diya,Geetmala Ki Chhaon Mein Vol 26-30,,,,https://archive.org/download/geetmala_collection/Geetmala/Geetmala%20Ki%20Chhaon%20Mein%20Vol%2026-30/2615Commentary-Tere%20Pyar%20Ne%20Mujhe%20Gham%20Diya.mp3
342,Hits (Flashes) Of 1967-Nos 15-14,Geetmala Ki Chhaon Mein Vol 26-30,,,,https://archive.org/download/geetmala_collection/Geetmala/Geetmala%20Ki%20Chhaon%20Mein%20Vol%2026-30/2701Commentary-Hits%20%28Flashes%29%20Of%201967-Nos%2015-14.mp3
343,Hit (Flash) No 13-Khat Likh De,Geetmala Ki Chhaon Mein Vol 26-30,,,,https://archive.org/download/geetmala_collection/Geetmala/Geetmala%20Ki%20Chhaon%20Mein%20Vol%2026-30/2702Commentary-Hit%20%28Flash%29%20No%2013-Khat%20Likh%20De.mp3
344,Ek Haseen Sham Ko Dil Mera Kho Gaya,Geetmala Ki Chhaon Mein Vol 26-30,,,,https://archive.org/download/geetmala_collection/Geetmala/Geetmala%20Ki%20Chhaon%20Mein%20Vol%2026-30/2703Commentary-Ek%20Haseen%20Sham%20Ko%20Dil%20Mera%20Kho%20Gaya.mp3
345,Raat Ki Mehfil Sooni Sooni,Geetmala Ki Chhaon Mein Vol 26-30,,,,https://archive.org/download/geetmala_collection/Geetmala/Geetmala%20Ki%20Chhaon%20Mein%20Vol%2026-30/2704Commentary-Raat%20Ki%20Mehfil%20Sooni%20Sooni.mp3
346,Hit (Flash) No 12,Geetmala Ki Chhaon Mein Vol 26-30,,,,https://archive.org/download/geetmala_collection/Geetmala/Geetmala%20Ki%20Chhaon%20Mein%20Vol%2026-30/2705Commentary-Hit%20%28Flash%29%20No%2012.mp3
347,Hits (Flashes) Nos 11 To 8,Geetmala Ki Chhaon Mein Vol 26-30,,,,https://archive.org/download/geetmala_collection/Geetmala/Geetmala%20Ki%20Chhaon%20Mein%20Vol%2026-30/2706Commentary-Hits%20%28Flashes%29%20Nos%2011%20To%208.mp3
348,Waqt Karta Jo Wafa Aap Hamare Hote,Geetmala Ki Chhaon Mein Vol 26-30,,,,https://archive.org/download/geetmala_collection/Geetmala/Geetmala%20Ki%20Chhaon%20Mein%20Vol%2026-30/2707Commentary-Waqt%20Karta%20Jo%20Wafa%20Aap%20Hamare%20Hote.mp3
349,Sharabi Mera Naam,Geetmala Ki Chhaon Mein Vol 26-30,,,,https://archive.org/download/geetmala_collection/Geetmala/Geetmala%20Ki%20Chhaon%20Mein%20Vol%2026-30/2708Commentary-Sharabi%20Mera%20Naam.mp3
350,Hits (Flashes) Nos 7 And 6,Geetmala Ki Chhaon Mein Vol 26-30,,,,https://archive.org/download/geetmala_collection/Geetmala/Geetmala%20Ki%20Chhaon%20Mein%20Vol%2026-30/2709Commentary-Hits%20%28Flashes%29%20Nos%207%20And%206.mp3
351,Hit (Flash) No 5,Geetmala Ki Chhaon Mein Vol 26-30,,,,https://archive.org/download/geetmala_collection/Geetmala/Geetmala%20Ki%20Chhaon%20Mein%20Vol%2026-30/2710Commentary-Hit%20%28Flash%29%20No%205.mp3
352,Hit (Flash) No 4-Taron Se Pyare,Geetmala Ki Chhaon Mein Vol 26-30,,,,https://archive.org/download/geetmala_collection/Geetmala/Geetmala%20Ki%20Chhaon%20Mein%20Vol%2026-30/2711Commentary-Hit%20%28Flash%29%20No%204-Taron%20Se%20Pyare.mp3
353,Hit (Flash) No 3-Rut Jawan Jawan,Geetmala Ki Chhaon Mein Vol 26-30,,,,https://archive.org/download/geetmala_collection/Geetmala/Geetmala%20Ki%20Chhaon%20Mein%20Vol%2026-30/2712Commentary-Hit%20%28Flash%29%20No%203-Rut%20Jawan%20Jawan.mp3
354,Zulfon Ko Hatale Chehre Se,Geetmala Ki Chhaon Mein Vol 26-30,,,,https://archive.org/download/geetmala_collection/Geetmala/Geetmala%20Ki%20Chhaon%20Mein%20Vol%2026-30/2713Commentary-Zulfon%20Ko%20Hatale%20Chehre%20Se.mp3
355,Hits (Flashes) No 2-1,Geetmala Ki Chhaon Mein Vol 26-30,,,,https://archive.org/download/geetmala_collection/Geetmala/Geetmala%20Ki%20Chhaon%20Mein%20Vol%2026-30/2714Commentary-Hits%20%28Flashes%29%20No%202-1.mp3
356,Ek Chatur Naar Karke Sringar,Geetmala Ki Chhaon Mein Vol 26-30,,,,https://archive.org/download/geetmala_collection/Geetmala/Geetmala%20Ki%20Chhaon%20Mein%20Vol%2026-30/2801Commentary-Ek%20Chatur%20Naar%20Karke%20Sringar.mp3
357,Rula Ke Gaya Sapna Mera,Geetmala Ki Chhaon Mein Vol 26-30,,,,https://archive.org/download/geetmala_collection/Geetmala/Geetmala%20Ki%20Chhaon%20Mein%20Vol%2026-30/2802Commentary-Rula%20Ke%20Gaya%20Sapna%20Mera.mp3
358,Kaun Hai Jo Sapnon Mein Aaya,Geetmala Ki Chhaon Mein Vol 26-30,,,,https://archive.org/download/geetmala_collection/Geetmala/Geetmala%20Ki%20Chhaon%20Mein%20Vol%2026-30/2803Commentary-Kaun%20Hai%20Jo%20Sapnon%20Mein%20Aaya.mp3
359,Aaj Purani Raahon Se,Geetmala Ki Chhaon Mein Vol 26-30,,,,https://archive.org/download/geetmala_collection/Geetmala/Geetmala%20Ki%20Chhaon%20Mein%20Vol%2026-30/2804Commentary-Aaj%20Purani%20Raahon%20Se.mp3
360,Hits (Flashes) Nos 32 To 28,Geetmala Ki Chhaon Mein Vol 26-30,,,,https://archive.org/download/geetmala_collection/Geetmala/Geetmala%20Ki%20Chhaon%20Mein%20Vol%2026-30/2805Commentary-Hits%20%28Flashes%29%20Nos%2032%20To%2028.mp3
361,Bekhudi Mein Sanam,Geetmala Ki Chhaon Mein Vol 26-30,,,,https://archive.org/download/geetmala_collection/Geetmala/Geetmala%20Ki%20Chhaon%20Mein%20Vol%2026-30/2806Commentary-Bekhudi%20Mein%20Sanam.mp3
362,Hits (Flashes) Nos 27 To 25,Geetmala Ki Chhaon Mein Vol 26-30,,,,https://archive.org/download/geetmala_collection/Geetmala/Geetmala%20Ki%20Chhaon%20Mein%20Vol%2026-30/2807Commentary-Hits%20%28Flashes%29%20Nos%2027%20To%2025.mp3
363,Gairon Pe Karam,Geetmala Ki Chhaon Mein Vol 26-30,,,,https://archive.org/download/geetmala_collection/Geetmala/Geetmala%20Ki%20Chhaon%20Mein%20Vol%2026-30/2808Commentary-Gairon%20Pe%20Karam.mp3
364,Hawaon Pe Likhdo Hawaon Ke Naam,Geetmala Ki Chhaon Mein Vol 26-30,,,,https://archive.org/download/geetmala_collection/Geetmala/Geetmala%20Ki%20Chhaon%20Mein%20Vol%2026-30/2809Commentary-Hawaon%20Pe%20Likhdo%20Hawaon%20Ke%20Naam.mp3
365,Woh Hai Zara Khafa Khafa,Geetmala Ki Chhaon Mein Vol 26-30,,,,https://archive.org/download/geetmala_collection/Geetmala/Geetmala%20Ki%20Chhaon%20Mein%20Vol%2026-30/2810Commentary-Woh%20Hai%20Zara%20Khafa%20Khafa.mp3
366,Teri Talash Mein,Geetmala Ki Chhaon Mein Vol 26-30,,,,https://archive.org/download/geetmala_collection/Geetmala/Geetmala%20Ki%20Chhaon%20Mein%20Vol%2026-30/2811Commentary-Teri%20Talash%20Mein.mp3
367,Hits (Flashes) Nos 24 To 19,Geetmala Ki Chhaon Mein Vol 26-30,,,,https://archive.org/download/geetmala_collection/Geetmala/Geetmala%20Ki%20Chhaon%20Mein%20Vol%2026-30/2812Commentary-Hits%20%28Flashes%29%20Nos%2024%20To%2019.mp3
368,Yeh Parbaton Ke Daire,Geetmala Ki Chhaon Mein Vol 26-30,,,,https://archive.org/download/geetmala_collection/Geetmala/Geetmala%20Ki%20Chhaon%20Mein%20Vol%2026-30/2813Commentary-Yeh%20Parbaton%20Ke%20Daire.mp3
369,Hits (Flashes) No 18 To 14,Geetmala Ki Chhaon Mein Vol 26-30,,,,https://archive.org/download/geetmala_collection/Geetmala/Geetmala%20Ki%20Chhaon%20Mein%20Vol%2026-30/2814Commentary-Hits%20%28Flashes%29%20No%2018%20To%2014.mp3
370,Jeenewale Jhoom Ke Mastana Hoke Jee,Geetmala Ki Chhaon Mein Vol 26-30,,,,https://archive.org/download/geetmala_collection/Geetmala/Geetmala%20Ki%20Chhaon%20Mein%20Vol%2026-30/2901Commentary-Jeenewale%20Jhoom%20Ke%20Mastana%20Hoke%20Jee.mp3
371,Phool Tumhe Bheja Hai Khat Mein,Geetmala Ki Chhaon Mein Vol 26-30,,,,https://archive.org/download/geetmala_collection/Geetmala/Geetmala%20Ki%20Chhaon%20Mein%20Vol%2026-30/2902Commentary-Phool%20Tumhe%20Bheja%20Hai%20Khat%20Mein.mp3
372,Hits (Flashes) Of 1968-Nos 13 To 10,Geetmala Ki Chhaon Mein Vol 26-30,,,,https://archive.org/download/geetmala_collection/Geetmala/Geetmala%20Ki%20Chhaon%20Mein%20Vol%2026-30/2903Commentary-Hits%20%28Flashes%29%20Of%201968-Nos%2013%20To%2010.mp3
373,Hui Sham Unka Khayal Aa Gaya,Geetmala Ki Chhaon Mein Vol 26-30,,,,https://archive.org/download/geetmala_collection/Geetmala/Geetmala%20Ki%20Chhaon%20Mein%20Vol%2026-30/2904Commentary-Hui%20Sham%20Unka%20Khayal%20Aa%20Gaya.mp3
374,Jhir Jhir Barse Sawan (Aashirwad),Geetmala Ki Chhaon Mein Vol 26-30,,,,https://archive.org/download/geetmala_collection/Geetmala/Geetmala%20Ki%20Chhaon%20Mein%20Vol%2026-30/2905Commentary-Jhir%20Jhir%20Barse%20Sawan%20%28Aashirwad%29.mp3
375,Hits (Flashes) Of 1968-Nos 9 To 5,Geetmala Ki Chhaon Mein Vol 26-30,,,,https://archive.org/download/geetmala_collection/Geetmala/Geetmala%20Ki%20Chhaon%20Mein%20Vol%2026-30/2906Commentary-Hits%20%28Flashes%29%20Of%201968-Nos%209%20To%205.mp3
376,Na Tum Bewafa Ho (Ek Kali Muskayee),Geetmala Ki Chhaon Mein Vol 26-30,,,,https://archive.org/download/geetmala_collection/Geetmala/Geetmala%20Ki%20Chhaon%20Mein%20Vol%2026-30/2907Commentary-Na%20Tum%20Bewafa%20Ho%20%28Ek%20Kali%20Muskayee%29.mp3
377,Hits (Flashes) Of 1968-Nos 4 To 1,Geetmala Ki Chhaon Mein Vol 26-30,,,,https://archive.org/download/geetmala_collection/Geetmala/Geetmala%20Ki%20Chhaon%20Mein%20Vol%2026-30/2908Commentary-Hits%20%28Flashes%29%20Of%201968-Nos%204%20To%201.mp3
378,Hamne Dekhi Hai Un Ankhon Ki,Geetmala Ki Chhaon Mein Vol 26-30,,,,https://archive.org/download/geetmala_collection/Geetmala/Geetmala%20Ki%20Chhaon%20Mein%20Vol%2026-30/2909Commentary-Hamne%20Dekhi%20Hai%20Un%20Ankhon%20Ki.mp3
379,Woh Haseen Dard De Do (Hum Saya),Geetmala Ki Chhaon Mein Vol 26-30,,,,https://archive.org/download/geetmala_collection/Geetmala/Geetmala%20Ki%20Chhaon%20Mein%20Vol%2026-30/2910Commentary-Woh%20Haseen%20Dard%20De%20Do%20%28Hum%20Saya%29.mp3
380,Hits (Flashes) Of 1969-Nos 36 To 33,Geetmala Ki Chhaon Mein Vol 26-30,,,,https://archive.org/download/geetmala_collection/Geetmala/Geetmala%20Ki%20Chhaon%20Mein%20Vol%2026-30/2911Commentary-Hits%20%28Flashes%29%20Of%201969-Nos%2036%20To%2033.mp3
381,Chirag Dil Ka Jalao (Chirag),Geetmala Ki Chhaon Mein Vol 26-30,,,,https://archive.org/download/geetmala_collection/Geetmala/Geetmala%20Ki%20Chhaon%20Mein%20Vol%2026-30/2912Commentary-Chirag%20Dil%20Ka%20Jalao%20%28Chirag%29.mp3
382,Hits (Flashes) Of 1969-Nos 32 To 25,Geetmala Ki Chhaon Mein Vol 26-30,,,,https://archive.org/download/geetmala_collection/Geetmala/Geetmala%20Ki%20Chhaon%20Mein%20Vol%2026-30/2913Commentary-Hits%20%28Flashes%29%20Of%201969-Nos%2032%20To%2025.mp3
383,Mehlon Ka Raja Mila (Anokhi Raat),Geetmala Ki Chhaon Mein Vol 26-30,,,,https://archive.org/download/geetmala_collection/Geetmala/Geetmala%20Ki%20Chhaon%20Mein%20Vol%2026-30/2914Commentary-Mehlon%20Ka%20Raja%20Mila%20%28Anokhi%20Raat%29.mp3
384,Sochke Yeh Gagan Jhoome (Jyoti),Geetmala Ki Chhaon Mein Vol 26-30,,,,https://archive.org/download/geetmala_collection/Geetmala/Geetmala%20Ki%20Chhaon%20Mein%20Vol%2026-30/2915Commentary-Sochke%20Yeh%20Gagan%20Jhoome%20%28Jyoti%29.mp3
385,Aa Jaane-Jaan (Intaqam),Geetmala Ki Chhaon Mein Vol 26-30,,,,https://archive.org/download/geetmala_collection/Geetmala/Geetmala%20Ki%20Chhaon%20Mein%20Vol%2026-30/3001Commentary-Aa%20Jaane-Jaan%20%28Intaqam%29.mp3
386,Jane Kitni Bar Hriday Se Maine (Sapna),Geetmala Ki Chhaon Mein Vol 26-30,,,,https://archive.org/download/geetmala_collection/Geetmala/Geetmala%20Ki%20Chhaon%20Mein%20Vol%2026-30/3002Commentary-Jane%20Kitni%20Bar%20Hriday%20Se%20Maine%20%28Sapna%29.mp3
387,Hits (Flashes) Of 1969-Nos 24 To 19,Geetmala Ki Chhaon Mein Vol 26-30,,,,https://archive.org/download/geetmala_collection/Geetmala/Geetmala%20Ki%20Chhaon%20Mein%20Vol%2026-30/3003Commentary-Hits%20%28Flashes%29%20Of%201969-Nos%2024%20To%2019.mp3
388,Ye Duniyawale-Sanjh Savere-Dono Ne Kiya,Geetmala Ki Chhaon Mein Vol 26-30,,,,https://archive.org/download/geetmala_collection/Geetmala/Geetmala%20Ki%20Chhaon%20Mein%20Vol%2026-30/3004Commentary-Ye%20Duniyawale-Sanjh%20Savere-Dono%20Ne%20Kiya.mp3
389,Hits (Flashes) Nos 18 To 14,Geetmala Ki Chhaon Mein Vol 26-30,,,,https://archive.org/download/geetmala_collection/Geetmala/Geetmala%20Ki%20Chhaon%20Mein%20Vol%2026-30/3005Commentary-Hits%20%28Flashes%29%20Nos%2018%20To%2014.mp3
390,Sajna Mera Jiyara Jale (Gustakhi Maaf),Geetmala Ki Chhaon Mein Vol 26-30,,,,https://archive.org/download/geetmala_collection/Geetmala/Geetmala%20Ki%20Chhaon%20Mein%20Vol%2026-30/3006Commentary-Sajna%20Mera%20Jiyara%20Jale%20%28Gustakhi%20Maaf%29.mp3
391,Wadiyan Mera Daman (Abhilasha),Geetmala Ki Chhaon Mein Vol 26-30,,,,https://archive.org/download/geetmala_collection/Geetmala/Geetmala%20Ki%20Chhaon%20Mein%20Vol%2026-30/3007Commentary-Wadiyan%20Mera%20Daman%20%28Abhilasha%29.mp3
392,Kabhi Kabhi Aisa Bhi Hota Hai (Waris),Geetmala Ki Chhaon Mein Vol 26-30,,,,https://archive.org/download/geetmala_collection/Geetmala/Geetmala%20Ki%20Chhaon%20Mein%20Vol%2026-30/3008Commentary-Kabhi%20Kabhi%20Aisa%20Bhi%20Hota%20Hai%20%28Waris%29.mp3
393,Hit (Flash)-No 13,Geetmala Ki Chhaon Mein Vol 26-30,,,,https://archive.org/download/geetmala_collection/Geetmala/Geetmala%20Ki%20Chhaon%20Mein%20Vol%2026-30/3009Commentary-Hit%20%28Flash%29-No%2013-.mp3
394,Hits (Flashs) Nos 12 To 10,Geetmala Ki Chhaon Mein Vol 26-30,,,,https://archive.org/download/geetmala_collection/Geetmala/Geetmala%20Ki%20Chhaon%20Mein%20Vol%2026-30/3010Commentary-Hits%20%28Flashs%29%20Nos%2012%20To%2010.mp3
395,Tujhe Suraj Kahoon Ya Chanda,Geetmala Ki Chhaon Mein Vol 26-30,,,,https://archive.org/download/geetmala_collection/Geetmala/Geetmala%20Ki%20Chhaon%20Mein%20Vol%2026-30/3011Commentary-Tujhe%20Suraj%20Kahoon%20Ya%20Chanda.mp3
396,Hits (Flashes) Nos 9 To 4,Geetmala Ki Chhaon Mein Vol 26-30,,,,https://archive.org/download/geetmala_collection/Geetmala/Geetmala%20Ki%20Chhaon%20Mein%20Vol%2026-30/3012Commentary-Hits%20%28Flashes%29%20Nos%209%20To%204.mp3
397,Andhere Mein Jo Baithe Hai (Sambandh),Geetmala Ki Chhaon Mein Vol 26-30,,,,https://archive.org/download/geetmala_collection/Geetmala/Geetmala%20Ki%20Chhaon%20Mein%20Vol%2026-30/3013Commentary-Andhere%20Mein%20Jo%20Baithe%20Hai%20%28Sambandh%29.mp3
398,Hits (Flashes) Nos 3 To 1,Geetmala Ki Chhaon Mein Vol 26-30,,,,https://archive.org/download/geetmala_collection/Geetmala/Geetmala%20Ki%20Chhaon%20Mein%20Vol%2026-30/3014Commentary-Hits%20%28Flashes%29%20Nos%203%20To%201.mp3
399,Yeh Duniya Yeh Mehfil,Geetmala Ki Chhaon Mein Vol 31-35,,,,https://archive.org/download/geetmala_collection/Geetmala/Geetmala%20Ki%20Chhaon%20Mein%20Vol%2031-35/3101Commentary-Yeh%20Duniya%20Yeh%20Mehfil.mp3
400,Hits (Flashes) Of 1970-Nos 33 To 28,Geetmala Ki Chhaon Mein Vol 31-35,,,,https://archive.org/download/geetmala_collection/Geetmala/Geetmala%20Ki%20Chhaon%20Mein%20Vol%2031-35/3102Commentary-Hits%20%28Flashes%29%20Of%201970-Nos%2033%20To%2028.mp3
401,Sanam Tu Bewafa Ke Naam Se,Geetmala Ki Chhaon Mein Vol 31-35,,,,https://archive.org/download/geetmala_collection/Geetmala/Geetmala%20Ki%20Chhaon%20Mein%20Vol%2031-35/3103Commentary-Sanam%20Tu%20Bewafa%20Ke%20Naam%20Se.mp3
402,Meri Bhains Ko Danda Kyon Mara,Geetmala Ki Chhaon Mein Vol 31-35,,,,https://archive.org/download/geetmala_collection/Geetmala/Geetmala%20Ki%20Chhaon%20Mein%20Vol%2031-35/3104Commentary-Meri%20Bhains%20Ko%20Danda%20Kyon%20Mara.mp3
403,O Ghata Sanwari,Geetmala Ki Chhaon Mein Vol 31-35,,,,https://archive.org/download/geetmala_collection/Geetmala/Geetmala%20Ki%20Chhaon%20Mein%20Vol%2031-35/3105Commentary-O%20Ghata%20Sanwari.mp3
404,Hits (Flashes) Nos 27 To 23,Geetmala Ki Chhaon Mein Vol 31-35,,,,https://archive.org/download/geetmala_collection/Geetmala/Geetmala%20Ki%20Chhaon%20Mein%20Vol%2031-35/3106Commentary-Hits%20%28Flashes%29%20Nos%2027%20To%2023.mp3
405,Do Dil Toote Do Dil Haare,Geetmala Ki Chhaon Mein Vol 31-35,,,,https://archive.org/download/geetmala_collection/Geetmala/Geetmala%20Ki%20Chhaon%20Mein%20Vol%2031-35/3107Commentary-Do%20Dil%20Toote%20Do%20Dil%20Haare.mp3
406,Zikra Hota Hai Jab Qayamat Ka,Geetmala Ki Chhaon Mein Vol 31-35,,,,https://archive.org/download/geetmala_collection/Geetmala/Geetmala%20Ki%20Chhaon%20Mein%20Vol%2031-35/3108Commentary-Zikra%20Hota%20Hai%20Jab%20Qayamat%20Ka.mp3
407,Jane Chale Jate Hain Kahan,Geetmala Ki Chhaon Mein Vol 31-35,,,,https://archive.org/download/geetmala_collection/Geetmala/Geetmala%20Ki%20Chhaon%20Mein%20Vol%2031-35/3109Commentary-Jane%20Chale%20Jate%20Hain%20Kahan.mp3
408,Hits (Flashes) Nos 22 To 20,Geetmala Ki Chhaon Mein Vol 31-35,,,,https://archive.org/download/geetmala_collection/Geetmala/Geetmala%20Ki%20Chhaon%20Mein%20Vol%2031-35/3110Commentary-Hits%20%28Flashes%29%20Nos%2022%20To%2020.mp3
409,Kisi Raah Mein Kisi Mod Par,Geetmala Ki Chhaon Mein Vol 31-35,,,,https://archive.org/download/geetmala_collection/Geetmala/Geetmala%20Ki%20Chhaon%20Mein%20Vol%2031-35/3111Commentary-Kisi%20Raah%20Mein%20Kisi%20Mod%20Par.mp3
410,Hits (Flashes) Nos 19 To 17,Geetmala Ki Chhaon Mein Vol 31-35,,,,https://archive.org/download/geetmala_collection/Geetmala/Geetmala%20Ki%20Chhaon%20Mein%20Vol%2031-35/3112Commentary-Hits%20%28Flashes%29%20Nos%2019%20To%2017.mp3
411,Sachha Pyar To Jhuk Nahin Sakta,Geetmala Ki Chhaon Mein Vol 31-35,,,,https://archive.org/download/geetmala_collection/Geetmala/Geetmala%20Ki%20Chhaon%20Mein%20Vol%2031-35/3113Commentary-Sachha%20Pyar%20To%20Jhuk%20Nahin%20Sakta.mp3
412,Hits (Flashes) Nos 16 To 15,Geetmala Ki Chhaon Mein Vol 31-35,,,,https://archive.org/download/geetmala_collection/Geetmala/Geetmala%20Ki%20Chhaon%20Mein%20Vol%2031-35/3114Commentary-Hits%20%28Flashes%29%20Nos%2016%20To%2015.mp3
413,Hum Hain Matay-E-Koocha-O Bazar,Geetmala Ki Chhaon Mein Vol 31-35,,,,https://archive.org/download/geetmala_collection/Geetmala/Geetmala%20Ki%20Chhaon%20Mein%20Vol%2031-35/3201Commentary-Hum%20Hain%20Matay-E-Koocha-O%20Bazar.mp3
414,Palkon Ke Peechhe Se,Geetmala Ki Chhaon Mein Vol 31-35,,,,https://archive.org/download/geetmala_collection/Geetmala/Geetmala%20Ki%20Chhaon%20Mein%20Vol%2031-35/3202Commentary-Palkon%20Ke%20Peechhe%20Se.mp3
415,Hits (Flashes) Nos 14-13,Geetmala Ki Chhaon Mein Vol 31-35,,,,https://archive.org/download/geetmala_collection/Geetmala/Geetmala%20Ki%20Chhaon%20Mein%20Vol%2031-35/3203Commentary-Hits%20%28Flashes%29%20Nos%2014-13.mp3
416,Sukh Ke Sab Saathi,Geetmala Ki Chhaon Mein Vol 31-35,,,,https://archive.org/download/geetmala_collection/Geetmala/Geetmala%20Ki%20Chhaon%20Mein%20Vol%2031-35/3204Commentary-Sukh%20Ke%20Sab%20Saathi.mp3
417,Jeevan Se Bhari Teri Ankhen,Geetmala Ki Chhaon Mein Vol 31-35,,,,https://archive.org/download/geetmala_collection/Geetmala/Geetmala%20Ki%20Chhaon%20Mein%20Vol%2031-35/3205Commentary-Jeevan%20Se%20Bhari%20Teri%20Ankhen.mp3
418,Hits (Flashes) Nos 12-11,Geetmala Ki Chhaon Mein Vol 31-35,,,,https://archive.org/download/geetmala_collection/Geetmala/Geetmala%20Ki%20Chhaon%20Mein%20Vol%2031-35/3206Commentary-Hits%20%28Flashes%29%20Nos%2012-11.mp3
419,Teri Duniya Se Hoke Majboor Chala,Geetmala Ki Chhaon Mein Vol 31-35,,,,https://archive.org/download/geetmala_collection/Geetmala/Geetmala%20Ki%20Chhaon%20Mein%20Vol%2031-35/3207Commentary-Teri%20Duniya%20Se%20Hoke%20Majboor%20Chala.mp3
420,Kanha Re Kanha,Geetmala Ki Chhaon Mein Vol 31-35,,,,https://archive.org/download/geetmala_collection/Geetmala/Geetmala%20Ki%20Chhaon%20Mein%20Vol%2031-35/3208Commentary-Kanha%20Re%20Kanha.mp3
421,Hits (Flashes) Nos 10 To 8,Geetmala Ki Chhaon Mein Vol 31-35,,,,https://archive.org/download/geetmala_collection/Geetmala/Geetmala%20Ki%20Chhaon%20Mein%20Vol%2031-35/3209Commentary-Hits%20%28Flashes%29%20Nos%2010%20To%208.mp3
422,Jeena Yahan Marna Yahan,Geetmala Ki Chhaon Mein Vol 31-35,,,,https://archive.org/download/geetmala_collection/Geetmala/Geetmala%20Ki%20Chhaon%20Mein%20Vol%2031-35/3210Commentary-Jeena%20Yahan%20Marna%20Yahan.mp3
423,Sham Dhale Jamuna Kinare,Geetmala Ki Chhaon Mein Vol 31-35,,,,https://archive.org/download/geetmala_collection/Geetmala/Geetmala%20Ki%20Chhaon%20Mein%20Vol%2031-35/3211Commentary-Sham%20Dhale%20Jamuna%20Kinare.mp3
424,Baiyan Na Dharo,Geetmala Ki Chhaon Mein Vol 31-35,,,,https://archive.org/download/geetmala_collection/Geetmala/Geetmala%20Ki%20Chhaon%20Mein%20Vol%2031-35/3212Commentary-Baiyan%20Na%20Dharo.mp3
425,Hits (Flashes) Nos 7 To 1 (Except No 2),Geetmala Ki Chhaon Mein Vol 31-35,,,,https://archive.org/download/geetmala_collection/Geetmala/Geetmala%20Ki%20Chhaon%20Mein%20Vol%2031-35/3213Commentary-Hits%20%28Flashes%29%20Nos%207%20To%201%20%28Except%20No%202%29.mp3
426,Rut Hai Milan Ki,Geetmala Ki Chhaon Mein Vol 31-35,,,,https://archive.org/download/geetmala_collection/Geetmala/Geetmala%20Ki%20Chhaon%20Mein%20Vol%2031-35/3301Commentary-Rut%20Hai%20Milan%20Ki.mp3
427,Koi Chupke Se Aake,Geetmala Ki Chhaon Mein Vol 31-35,,,,https://archive.org/download/geetmala_collection/Geetmala/Geetmala%20Ki%20Chhaon%20Mein%20Vol%2031-35/3302Commentary-Koi%20Chupke%20Se%20Aake.mp3
428,Hits (Flash) No 31,Geetmala Ki Chhaon Mein Vol 31-35,,,,https://archive.org/download/geetmala_collection/Geetmala/Geetmala%20Ki%20Chhaon%20Mein%20Vol%2031-35/3303Commentary-Hits%20%28Flash%29%20No%2031.mp3
429,Prem Ke Pujari Hum Hain,Geetmala Ki Chhaon Mein Vol 31-35,,,,https://archive.org/download/geetmala_collection/Geetmala/Geetmala%20Ki%20Chhaon%20Mein%20Vol%2031-35/3304Commentary-Prem%20Ke%20Pujari%20Hum%20Hain.mp3
430,Hits (Flashes) No 29-28-27,Geetmala Ki Chhaon Mein Vol 31-35,,,,https://archive.org/download/geetmala_collection/Geetmala/Geetmala%20Ki%20Chhaon%20Mein%20Vol%2031-35/3305Commentary-Hits%20%28Flashes%29%20No%2029-28-27.mp3
431,Aayo Kahan Se Ghanshyam,Geetmala Ki Chhaon Mein Vol 31-35,,,,https://archive.org/download/geetmala_collection/Geetmala/Geetmala%20Ki%20Chhaon%20Mein%20Vol%2031-35/3306Commentary-Aayo%20Kahan%20Se%20Ghanshyam.mp3
432,Panthi Hoon Main Us Path Ka,Geetmala Ki Chhaon Mein Vol 31-35,,,,https://archive.org/download/geetmala_collection/Geetmala/Geetmala%20Ki%20Chhaon%20Mein%20Vol%2031-35/3307Commentary-Panthi%20Hoon%20Main%20Us%20Path%20Ka.mp3
433,Tumhi Rahnuma Ho Meri Zindagi Ki,Geetmala Ki Chhaon Mein Vol 31-35,,,,https://archive.org/download/geetmala_collection/Geetmala/Geetmala%20Ki%20Chhaon%20Mein%20Vol%2031-35/3308Commentary-Tumhi%20Rahnuma%20Ho%20Meri%20Zindagi%20Ki.mp3
434,Hits (Flashes) No 26 To 21,Geetmala Ki Chhaon Mein Vol 31-35,,,,https://archive.org/download/geetmala_collection/Geetmala/Geetmala%20Ki%20Chhaon%20Mein%20Vol%2031-35/3309Commentary-Hits%20%28Flashes%29%20No%2026%20To%2021.mp3
435,Sanjh Khile Bhor Jharay,Geetmala Ki Chhaon Mein Vol 31-35,,,,https://archive.org/download/geetmala_collection/Geetmala/Geetmala%20Ki%20Chhaon%20Mein%20Vol%2031-35/3310Commentary-Sanjh%20Khile%20Bhor%20Jharay.mp3
436,Tu Chanda Main Chandni,Geetmala Ki Chhaon Mein Vol 31-35,,,,https://archive.org/download/geetmala_collection/Geetmala/Geetmala%20Ki%20Chhaon%20Mein%20Vol%2031-35/3311Commentary-Tu%20Chanda%20Main%20Chandni.mp3
437,Hits (Flashes) No 20 To 10,Geetmala Ki Chhaon Mein Vol 31-35,,,,https://archive.org/download/geetmala_collection/Geetmala/Geetmala%20Ki%20Chhaon%20Mein%20Vol%2031-35/3312Commentary-Hits%20%28Flashes%29%20No%2020%20To%2010.mp3
438,Koi Hota Jisko Apna,Geetmala Ki Chhaon Mein Vol 31-35,,,,https://archive.org/download/geetmala_collection/Geetmala/Geetmala%20Ki%20Chhaon%20Mein%20Vol%2031-35/3401Commentary-Koi%20Hota%20Jisko%20Apna.mp3
439,Hits Of 1971 (Flashes)-Nos 9 To 7,Geetmala Ki Chhaon Mein Vol 31-35,,,,https://archive.org/download/geetmala_collection/Geetmala/Geetmala%20Ki%20Chhaon%20Mein%20Vol%2031-35/3402Commentary-Hits%20Of%201971%20%28Flashes%29-Nos%209%20To%207.mp3
440,Na Jiya Lage Na,Geetmala Ki Chhaon Mein Vol 31-35,,,,https://archive.org/download/geetmala_collection/Geetmala/Geetmala%20Ki%20Chhaon%20Mein%20Vol%2031-35/3403Commentary-Na%20Jiya%20Lage%20Na.mp3
441,Hits (Flashes)-Nos 6 To 3,Geetmala Ki Chhaon Mein Vol 31-35,,,,https://archive.org/download/geetmala_collection/Geetmala/Geetmala%20Ki%20Chhaon%20Mein%20Vol%2031-35/3404Commentary-Hits%20%28Flashes%29-Nos%206%20To%203.mp3
442,Ja Ri Pawaniya Piya Ke Des Ja,Geetmala Ki Chhaon Mein Vol 31-35,,,,https://archive.org/download/geetmala_collection/Geetmala/Geetmala%20Ki%20Chhaon%20Mein%20Vol%2031-35/3405Commentary-Ja%20Ri%20Pawaniya%20Piya%20Ke%20Des%20Ja.mp3
443,Hits (Flashes)-Nos 2-1,Geetmala Ki Chhaon Mein Vol 31-35,,,,https://archive.org/download/geetmala_collection/Geetmala/Geetmala%20Ki%20Chhaon%20Mein%20Vol%2031-35/3406Commentary-Hits%20%28Flashes%29-Nos%202-1.mp3
444,Megha Chhaye Aadhi Raat,Geetmala Ki Chhaon Mein Vol 31-35,,,,https://archive.org/download/geetmala_collection/Geetmala/Geetmala%20Ki%20Chhaon%20Mein%20Vol%2031-35/3407Commentary-Megha%20Chhaye%20Aadhi%20Raat.mp3
445,Hits Of 1972 (Flashes)-Nos 37 To 35,Geetmala Ki Chhaon Mein Vol 31-35,,,,https://archive.org/download/geetmala_collection/Geetmala/Geetmala%20Ki%20Chhaon%20Mein%20Vol%2031-35/3408Commentary-Hits%20Of%201972%20%28Flashes%29-Nos%2037%20To%2035.mp3
446,Hits (Flashes)-Nos 34-33,Geetmala Ki Chhaon Mein Vol 31-35,,,,https://archive.org/download/geetmala_collection/Geetmala/Geetmala%20Ki%20Chhaon%20Mein%20Vol%2031-35/3409Commentary-Hits%20%28Flashes%29-Nos%2034-33.mp3
447,Raaton Ke Saye,Geetmala Ki Chhaon Mein Vol 31-35,,,,https://archive.org/download/geetmala_collection/Geetmala/Geetmala%20Ki%20Chhaon%20Mein%20Vol%2031-35/3410Commentary-Raaton%20Ke%20Saye.mp3
448,Bhor Aai Gaya Andhiyara,Geetmala Ki Chhaon Mein Vol 31-35,,,,https://archive.org/download/geetmala_collection/Geetmala/Geetmala%20Ki%20Chhaon%20Mein%20Vol%2031-35/3411Commentary-Bhor%20Aai%20Gaya%20Andhiyara.mp3
449,Hits (Flashes)-Nos 32 To 28,Geetmala Ki Chhaon Mein Vol 31-35,,,,https://archive.org/download/geetmala_collection/Geetmala/Geetmala%20Ki%20Chhaon%20Mein%20Vol%2031-35/3412Commentary-Hits%20%28Flashes%29-Nos%2032%20To%2028.mp3
450,Baghon Mein Bahar Aai,Geetmala Ki Chhaon Mein Vol 31-35,,,,https://archive.org/download/geetmala_collection/Geetmala/Geetmala%20Ki%20Chhaon%20Mein%20Vol%2031-35/3413Commentary-Baghon%20Mein%20Bahar%20Aai.mp3
451,Hits (Flashes)-Nos 27 To 23,Geetmala Ki Chhaon Mein Vol 31-35,,,,https://archive.org/download/geetmala_collection/Geetmala/Geetmala%20Ki%20Chhaon%20Mein%20Vol%2031-35/3414Commentary-Hits%20%28Flashes%29-Nos%2027%20To%2023.mp3
452,Thare Rahiyo O Banke Yaar,Geetmala Ki Chhaon Mein Vol 31-35,,,,https://archive.org/download/geetmala_collection/Geetmala/Geetmala%20Ki%20Chhaon%20Mein%20Vol%2031-35/3501Commentary-Thare%20Rahiyo%20O%20Banke%20Yaar.mp3
453,Hits (Flashes) Of 1972-Nos 22-21,Geetmala Ki Chhaon Mein Vol 31-35,,,,https://archive.org/download/geetmala_collection/Geetmala/Geetmala%20Ki%20Chhaon%20Mein%20Vol%2031-35/3502Commentary-Hits%20%28Flashes%29%20Of%201972-Nos%2022-21.mp3
454,Yeh Wohi Geet Hai Jisko Maine,Geetmala Ki Chhaon Mein Vol 31-35,,,,https://archive.org/download/geetmala_collection/Geetmala/Geetmala%20Ki%20Chhaon%20Mein%20Vol%2031-35/3503Commentary-Yeh%20Wohi%20Geet%20Hai%20Jisko%20Maine.mp3
455,Bangle Ke Peechhe,Geetmala Ki Chhaon Mein Vol 31-35,,,,https://archive.org/download/geetmala_collection/Geetmala/Geetmala%20Ki%20Chhaon%20Mein%20Vol%2031-35/3504Commentary-Bangle%20Ke%20Peechhe.mp3
456,Kitna Pyara Wada Hai,Geetmala Ki Chhaon Mein Vol 31-35,,,,https://archive.org/download/geetmala_collection/Geetmala/Geetmala%20Ki%20Chhaon%20Mein%20Vol%2031-35/3505Commentary-Kitna%20Pyara%20Wada%20Hai.mp3
457,Hits (Flashes) Nos 20 To 14,Geetmala Ki Chhaon Mein Vol 31-35,,,,https://archive.org/download/geetmala_collection/Geetmala/Geetmala%20Ki%20Chhaon%20Mein%20Vol%2031-35/3506Commentary-Hits%20%28Flashes%29%20Nos%2020%20To%2014.mp3
458,Tum Bin Jeevan Kaisa Jeevan,Geetmala Ki Chhaon Mein Vol 31-35,,,,https://archive.org/download/geetmala_collection/Geetmala/Geetmala%20Ki%20Chhaon%20Mein%20Vol%2031-35/3507Commentary-Tum%20Bin%20Jeevan%20Kaisa%20Jeevan.mp3
459,Kal Raat Sapne Mein Aaye The,Geetmala Ki Chhaon Mein Vol 31-35,,,,https://archive.org/download/geetmala_collection/Geetmala/Geetmala%20Ki%20Chhaon%20Mein%20Vol%2031-35/3508Commentary-Kal%20Raat%20Sapne%20Mein%20Aaye%20The.mp3
460,Sooni Sooni Saans Ke Sitar Par,Geetmala Ki Chhaon Mein Vol 31-35,,,,https://archive.org/download/geetmala_collection/Geetmala/Geetmala%20Ki%20Chhaon%20Mein%20Vol%2031-35/3509Commentary-Sooni%20Sooni%20Saans%20Ke%20Sitar%20Par.mp3
461,Hits (Flashes)-Nos 13 To 11,Geetmala Ki Chhaon Mein Vol 31-35,,,,https://archive.org/download/geetmala_collection/Geetmala/Geetmala%20Ki%20Chhaon%20Mein%20Vol%2031-35/3510Commentary-Hits%20%28Flashes%29-Nos%2013%20To%2011.mp3
462,Kai Sadiyon Se Kai Janmon Se,Geetmala Ki Chhaon Mein Vol 31-35,,,,https://archive.org/download/geetmala_collection/Geetmala/Geetmala%20Ki%20Chhaon%20Mein%20Vol%2031-35/3511Commentary-Kai%20Sadiyon%20Se%20Kai%20Janmon%20Se.mp3
463,Hits (Flashes)-Nos 10 To 7,Geetmala Ki Chhaon Mein Vol 31-35,,,,https://archive.org/download/geetmala_collection/Geetmala/Geetmala%20Ki%20Chhaon%20Mein%20Vol%2031-35/3512Commentary-Hits%20%28Flashes%29-Nos%2010%20To%207.mp3
464,2012,Geetmala Ki Chhaon Mein Vol 31-35,,,,https://archive.org/download/geetmala_collection/Geetmala/Geetmala%20Ki%20Chhaon%20Mein%20Vol%2031-35/3513Commentary-2012.mp3
465,Tum Jab Se Base More Nain,Geetmala Ki Chhaon Mein Vol 31-35,,,,https://archive.org/download/geetmala_collection/Geetmala/Geetmala%20Ki%20Chhaon%20Mein%20Vol%2031-35/3514Commentary-Tum%20Jab%20Se%20Base%20More%20Nain-Commentary.mp3
466,Hits (Flashes)-Nos 6 To 1,Geetmala Ki Chhaon Mein Vol 31-35,,,,https://archive.org/download/geetmala_collection/Geetmala/Geetmala%20Ki%20Chhaon%20Mein%20Vol%2031-35/3515Commentary-Hits%20%28Flashes%29-Nos%206%20To%201.mp3
467,Kaun Sachcha Hai Aur Kaun Jhutha,Geetmala Ki Chhaon Mein Vol 31-35,,,,https://archive.org/download/geetmala_collection/Geetmala/Geetmala%20Ki%20Chhaon%20Mein%20Vol%2031-35/3516Commentary-Kaun%20Sachcha%20Hai%20Aur%20Kaun%20Jhutha.mp3
468,Piya Bina Piya Bina,Geetmala Ki Chhaon Mein Vol 36-40,,,,https://archive.org/download/geetmala_collection/Geetmala/Geetmala%20Ki%20Chhaon%20Mein%20Vol%2036-40/3601Commentary-Piya%20Bina%20Piya%20Bina.mp3
469,Aaj Socha To Ansoo Bahr Aaye,Geetmala Ki Chhaon Mein Vol 36-40,,,,https://archive.org/download/geetmala_collection/Geetmala/Geetmala%20Ki%20Chhaon%20Mein%20Vol%2036-40/3602Commentary-Aaj%20Socha%20To%20Ansoo%20Bahr%20Aaye.mp3
470,Hits (Flashes) Of 1973-Nos 36 To 32,Geetmala Ki Chhaon Mein Vol 36-40,,,,https://archive.org/download/geetmala_collection/Geetmala/Geetmala%20Ki%20Chhaon%20Mein%20Vol%2036-40/3603Commentary-Hits%20%28Flashes%29%20Of%201973-Nos%2036%20To%2032.mp3
471,Chain Se Humko Kabhi,Geetmala Ki Chhaon Mein Vol 36-40,,,,https://archive.org/download/geetmala_collection/Geetmala/Geetmala%20Ki%20Chhaon%20Mein%20Vol%2036-40/3604Commentary-Chain%20Se%20Humko%20Kabhi.mp3
472,Badi Door Se Aaye Hain,Geetmala Ki Chhaon Mein Vol 36-40,,,,https://archive.org/download/geetmala_collection/Geetmala/Geetmala%20Ki%20Chhaon%20Mein%20Vol%2036-40/3605Commentary-Badi%20Door%20Se%20Aaye%20Hain.mp3
473,Kyon Layo Saiyan Paan,Geetmala Ki Chhaon Mein Vol 36-40,,,,https://archive.org/download/geetmala_collection/Geetmala/Geetmala%20Ki%20Chhaon%20Mein%20Vol%2036-40/3606Commentary-Kyon%20Layo%20Saiyan%20Paan.mp3
474,Hits (Flashes) Of 1973-Nos 31 To 26,Geetmala Ki Chhaon Mein Vol 36-40,,,,https://archive.org/download/geetmala_collection/Geetmala/Geetmala%20Ki%20Chhaon%20Mein%20Vol%2036-40/3607Commentary-Hits%20%28Flashes%29%20Of%201973-Nos%2031%20To%2026.mp3
475,Har Taraf Ab Yehi Afsane Hain,Geetmala Ki Chhaon Mein Vol 36-40,,,,https://archive.org/download/geetmala_collection/Geetmala/Geetmala%20Ki%20Chhaon%20Mein%20Vol%2036-40/3608Commentary-Har%20Taraf%20Ab%20Yehi%20Afsane%20Hain.mp3
476,Barkha Rani Zara Jamke Barso,Geetmala Ki Chhaon Mein Vol 36-40,,,,https://archive.org/download/geetmala_collection/Geetmala/Geetmala%20Ki%20Chhaon%20Mein%20Vol%2036-40/3609Commentary-Barkha%20Rani%20Zara%20Jamke%20Barso.mp3
477,Pyar Kabhi Kam Na Karna Sanam,Geetmala Ki Chhaon Mein Vol 36-40,,,,https://archive.org/download/geetmala_collection/Geetmala/Geetmala%20Ki%20Chhaon%20Mein%20Vol%2036-40/3610Commentary-Pyar%20Kabhi%20Kam%20Na%20Karna%20Sanam.mp3
478,Hits (Flashes) Nos 25 To 21,Geetmala Ki Chhaon Mein Vol 36-40,,,,https://archive.org/download/geetmala_collection/Geetmala/Geetmala%20Ki%20Chhaon%20Mein%20Vol%2036-40/3611Commentary-Hits%20%28Flashes%29%20Nos%2025%20To%2021.mp3
479,Wasta Hi Na Jab Raha Tumse,Geetmala Ki Chhaon Mein Vol 36-40,,,,https://archive.org/download/geetmala_collection/Geetmala/Geetmala%20Ki%20Chhaon%20Mein%20Vol%2036-40/3612Commentary-Wasta%20Hi%20Na%20Jab%20Raha%20Tumse.mp3
480,Chala Jata Hoon,Geetmala Ki Chhaon Mein Vol 36-40,,,,https://archive.org/download/geetmala_collection/Geetmala/Geetmala%20Ki%20Chhaon%20Mein%20Vol%2036-40/3613Commentary-Chala%20Jata%20Hoon.mp3
481,Mera Sab Kuchh Mere Geet Re,Geetmala Ki Chhaon Mein Vol 36-40,,,,https://archive.org/download/geetmala_collection/Geetmala/Geetmala%20Ki%20Chhaon%20Mein%20Vol%2036-40/3614Commentary-Mera%20Sab%20Kuchh%20Mere%20Geet%20Re.mp3
482,Hits (Flashes) Nos 20-19,Geetmala Ki Chhaon Mein Vol 36-40,,,,https://archive.org/download/geetmala_collection/Geetmala/Geetmala%20Ki%20Chhaon%20Mein%20Vol%2036-40/3615Commentary-Hits%20%28Flashes%29%20Nos%2020-19.mp3
483,Beeti Na Bitai Raina,Geetmala Ki Chhaon Mein Vol 36-40,,,,https://archive.org/download/geetmala_collection/Geetmala/Geetmala%20Ki%20Chhaon%20Mein%20Vol%2036-40/3701Commentary-Beeti%20Na%20Bitai%20Raina.mp3
484,Sandhya Jo Aaye,Geetmala Ki Chhaon Mein Vol 36-40,,,,https://archive.org/download/geetmala_collection/Geetmala/Geetmala%20Ki%20Chhaon%20Mein%20Vol%2036-40/3702Commentary-Sandhya%20Jo%20Aaye.mp3
485,Hits (Flashes) Of 1973-Nos 18 To 14,Geetmala Ki Chhaon Mein Vol 36-40,,,,https://archive.org/download/geetmala_collection/Geetmala/Geetmala%20Ki%20Chhaon%20Mein%20Vol%2036-40/3703Commentary-Hits%20%28Flashes%29%20Of%201973-Nos%2018%20To%2014.mp3
486,Sajna Hai Mujhe Sajna Ke Liye,Geetmala Ki Chhaon Mein Vol 36-40,,,,https://archive.org/download/geetmala_collection/Geetmala/Geetmala%20Ki%20Chhaon%20Mein%20Vol%2036-40/3704Commentary-Sajna%20Hai%20Mujhe%20Sajna%20Ke%20Liye.mp3
487,Chanda Ki Kirno Se Lipti (Aake Mil Ja),Geetmala Ki Chhaon Mein Vol 36-40,,,,https://archive.org/download/geetmala_collection/Geetmala/Geetmala%20Ki%20Chhaon%20Mein%20Vol%2036-40/3705Commentary-Chanda%20Ki%20Kirno%20Se%20Lipti%20%28Aake%20Mil%20Ja%29.mp3
488,Rasm-E-Ulfat Ko Nibhaye,Geetmala Ki Chhaon Mein Vol 36-40,,,,https://archive.org/download/geetmala_collection/Geetmala/Geetmala%20Ki%20Chhaon%20Mein%20Vol%2036-40/3706Commentary-Rasm-E-Ulfat%20Ko%20Nibhaye.mp3
489,Hits (Flashes) Of 1973-Nos 13 To 9,Geetmala Ki Chhaon Mein Vol 36-40,,,,https://archive.org/download/geetmala_collection/Geetmala/Geetmala%20Ki%20Chhaon%20Mein%20Vol%2036-40/3707Commentary-Hits%20%28Flashes%29%20Of%201973-Nos%2013%20To%209.mp3
490,Uljhan Suljhe Na Rasta Sujhe Na,Geetmala Ki Chhaon Mein Vol 36-40,,,,https://archive.org/download/geetmala_collection/Geetmala/Geetmala%20Ki%20Chhaon%20Mein%20Vol%2036-40/3708Commentary-Uljhan%20Suljhe%20Na%20Rasta%20Sujhe%20Na.mp3
491,Teri Bindiya Re,Geetmala Ki Chhaon Mein Vol 36-40,,,,https://archive.org/download/geetmala_collection/Geetmala/Geetmala%20Ki%20Chhaon%20Mein%20Vol%2036-40/3709Commentary-Teri%20Bindiya%20Re.mp3
492,Dil Ka Soona Saaz,Geetmala Ki Chhaon Mein Vol 36-40,,,,https://archive.org/download/geetmala_collection/Geetmala/Geetmala%20Ki%20Chhaon%20Mein%20Vol%2036-40/3710Commentary-Dil%20Ka%20Soona%20Saaz.mp3
493,Hits (Flashes)-Nos 8 To 3,Geetmala Ki Chhaon Mein Vol 36-40,,,,https://archive.org/download/geetmala_collection/Geetmala/Geetmala%20Ki%20Chhaon%20Mein%20Vol%2036-40/3711Commentary-Hits%20%28Flashes%29-Nos%208%20To%203.mp3
494,Mujhe Meri Biwi Se Bachao,Geetmala Ki Chhaon Mein Vol 36-40,,,,https://archive.org/download/geetmala_collection/Geetmala/Geetmala%20Ki%20Chhaon%20Mein%20Vol%2036-40/3712Commentary-Mujhe%20Meri%20Biwi%20Se%20Bachao.mp3
495,Hit (Flash)-No 2,Geetmala Ki Chhaon Mein Vol 36-40,,,,https://archive.org/download/geetmala_collection/Geetmala/Geetmala%20Ki%20Chhaon%20Mein%20Vol%2036-40/3713Commentary-Hit%20%28Flash%29-No%202.mp3
496,Hai Tere Saath Meri Wafa,Geetmala Ki Chhaon Mein Vol 36-40,,,,https://archive.org/download/geetmala_collection/Geetmala/Geetmala%20Ki%20Chhaon%20Mein%20Vol%2036-40/3714Commentary-Hai%20Tere%20Saath%20Meri%20Wafa.mp3
497,Hit (Flash)-No 1,Geetmala Ki Chhaon Mein Vol 36-40,,,,https://archive.org/download/geetmala_collection/Geetmala/Geetmala%20Ki%20Chhaon%20Mein%20Vol%2036-40/3715Commentary-Hit%20%28Flash%29-No%201.mp3
498,(Flash) Tum Jo Mil Gaye Ho,Geetmala Ki Chhaon Mein Vol 36-40,,,,https://archive.org/download/geetmala_collection/Geetmala/Geetmala%20Ki%20Chhaon%20Mein%20Vol%2036-40/3801Commentary-%28Flash%29%20Tum%20Jo%20Mil%20Gaye%20Ho.mp3
499,Hits (Flashes) Of 1974-Nos 32-31,Geetmala Ki Chhaon Mein Vol 36-40,,,,https://archive.org/download/geetmala_collection/Geetmala/Geetmala%20Ki%20Chhaon%20Mein%20Vol%2036-40/3802Commentary-Hits%20%28Flashes%29%20Of%201974-Nos%2032-31.mp3
500,Ruk Jana Nahin,Geetmala Ki Chhaon Mein Vol 36-40,,,,https://archive.org/download/geetmala_collection/Geetmala/Geetmala%20Ki%20Chhaon%20Mein%20Vol%2036-40/3803Commentary-Ruk%20Jana%20Nahin.mp3
501,Ulfut Mein Zamane Ki,Geetmala Ki Chhaon Mein Vol 36-40,,,,https://archive.org/download/geetmala_collection/Geetmala/Geetmala%20Ki%20Chhaon%20Mein%20Vol%2036-40/3804Commentary-Ulfut%20Mein%20Zamane%20Ki.mp3
502,Nainon Mein Darpan Hai,Geetmala Ki Chhaon Mein Vol 36-40,,,,https://archive.org/download/geetmala_collection/Geetmala/Geetmala%20Ki%20Chhaon%20Mein%20Vol%2036-40/3805Commentary-Nainon%20Mein%20Darpan%20Hai.mp3
503,Hits (Flashes) Nos 30 To 26,Geetmala Ki Chhaon Mein Vol 36-40,,,,https://archive.org/download/geetmala_collection/Geetmala/Geetmala%20Ki%20Chhaon%20Mein%20Vol%2036-40/3806Commentary-Hits%20%28Flashes%29%20Nos%2030%20To%2026.mp3
504,Zindagi Ke Safar Mein,Geetmala Ki Chhaon Mein Vol 36-40,,,,https://archive.org/download/geetmala_collection/Geetmala/Geetmala%20Ki%20Chhaon%20Mein%20Vol%2036-40/3807Commentary-Zindagi%20Ke%20Safar%20Mein.mp3
505,Apne Dil Mein Jagah Dijiye,Geetmala Ki Chhaon Mein Vol 36-40,,,,https://archive.org/download/geetmala_collection/Geetmala/Geetmala%20Ki%20Chhaon%20Mein%20Vol%2036-40/3808Commentary-Apne%20Dil%20Mein%20Jagah%20Dijiye.mp3
506,Diye Jalte Hai Phool Khilte Hai,Geetmala Ki Chhaon Mein Vol 36-40,,,,https://archive.org/download/geetmala_collection/Geetmala/Geetmala%20Ki%20Chhaon%20Mein%20Vol%2036-40/3809Commentary-Diye%20Jalte%20Hai%20Phool%20Khilte%20Hai.mp3
507,Hits (Flashes) Nos 25 To 19,Geetmala Ki Chhaon Mein Vol 36-40,,,,https://archive.org/download/geetmala_collection/Geetmala/Geetmala%20Ki%20Chhaon%20Mein%20Vol%2036-40/3810Commentary-Hits%20%28Flashes%29%20Nos%2025%20To%2019.mp3
508,Main Dhoondhta Hoon Jinko,Geetmala Ki Chhaon Mein Vol 36-40,,,,https://archive.org/download/geetmala_collection/Geetmala/Geetmala%20Ki%20Chhaon%20Mein%20Vol%2036-40/3811Commentary-Main%20Dhoondhta%20Hoon%20Jinko.mp3
509,Mitwa More Man Mitwa,Geetmala Ki Chhaon Mein Vol 36-40,,,,https://archive.org/download/geetmala_collection/Geetmala/Geetmala%20Ki%20Chhaon%20Mein%20Vol%2036-40/3812Commentary-Mitwa%20More%20Man%20Mitwa.mp3
510,Hum Bolega To Bologe Ki Bolta Hai,Geetmala Ki Chhaon Mein Vol 36-40,,,,https://archive.org/download/geetmala_collection/Geetmala/Geetmala%20Ki%20Chhaon%20Mein%20Vol%2036-40/3813Commentary-Hum%20Bolega%20To%20Bologe%20Ki%20Bolta%20Hai.mp3
511,Hits (Flashes) Nos 18 To 12,Geetmala Ki Chhaon Mein Vol 36-40,,,,https://archive.org/download/geetmala_collection/Geetmala/Geetmala%20Ki%20Chhaon%20Mein%20Vol%2036-40/3814Commentary-Hits%20%28Flashes%29%20Nos%2018%20To%2012.mp3
512,Hits (Flashes) Of 1974-Nos 11 To 7,Geetmala Ki Chhaon Mein Vol 36-40,,,,https://archive.org/download/geetmala_collection/Geetmala/Geetmala%20Ki%20Chhaon%20Mein%20Vol%2036-40/3901Commentary-Hits%20%28Flashes%29%20Of%201974-Nos%2011%20To%207.mp3
513,Bahut Door Mujhe Chale Jana Hai,Geetmala Ki Chhaon Mein Vol 36-40,,,,https://archive.org/download/geetmala_collection/Geetmala/Geetmala%20Ki%20Chhaon%20Mein%20Vol%2036-40/3902Commentary-Bahut%20Door%20Mujhe%20Chale%20Jana%20Hai.mp3
514,Chori Chori Solah Singar Karoongi,Geetmala Ki Chhaon Mein Vol 36-40,,,,https://archive.org/download/geetmala_collection/Geetmala/Geetmala%20Ki%20Chhaon%20Mein%20Vol%2036-40/3903Commentary-Chori%20Chori%20Solah%20Singar%20Karoongi.mp3
515,Hits (Flashes) Nos 6 To 4,Geetmala Ki Chhaon Mein Vol 36-40,,,,https://archive.org/download/geetmala_collection/Geetmala/Geetmala%20Ki%20Chhaon%20Mein%20Vol%2036-40/3904Commentary-Hits%20%28Flashes%29%20Nos%206%20To%204.mp3
516,Mera Chhota Sa Ghar Baar,Geetmala Ki Chhaon Mein Vol 36-40,,,,https://archive.org/download/geetmala_collection/Geetmala/Geetmala%20Ki%20Chhaon%20Mein%20Vol%2036-40/3905Commentary-Mera%20Chhota%20Sa%20Ghar%20Baar.mp3
517,Naiya Meri Chalti Jaye,Geetmala Ki Chhaon Mein Vol 36-40,,,,https://archive.org/download/geetmala_collection/Geetmala/Geetmala%20Ki%20Chhaon%20Mein%20Vol%2036-40/3906Commentary-Naiya%20Meri%20Chalti%20Jaye.mp3
518,Hits (Flashes)-Nos 3 To 1,Geetmala Ki Chhaon Mein Vol 36-40,,,,https://archive.org/download/geetmala_collection/Geetmala/Geetmala%20Ki%20Chhaon%20Mein%20Vol%2036-40/3907Commentary-Hits%20%28Flashes%29-Nos%203%20To%201.mp3
519,Hits (Flashes) Of 1975 Nos 32 To 24,Geetmala Ki Chhaon Mein Vol 36-40,,,,https://archive.org/download/geetmala_collection/Geetmala/Geetmala%20Ki%20Chhaon%20Mein%20Vol%2036-40/3908Commentary-Hits%20%28Flashes%29%20Of%201975%20Nos%2032%20To%2024.mp3
520,Yaad Rahega Pyar Ka,Geetmala Ki Chhaon Mein Vol 36-40,,,,https://archive.org/download/geetmala_collection/Geetmala/Geetmala%20Ki%20Chhaon%20Mein%20Vol%2036-40/3909Commentary-Yaad%20Rahega%20Pyar%20Ka.mp3
521,Dekha Hai Zindagi Ko,Geetmala Ki Chhaon Mein Vol 36-40,,,,https://archive.org/download/geetmala_collection/Geetmala/Geetmala%20Ki%20Chhaon%20Mein%20Vol%2036-40/3910Commentary-Dekha%20Hai%20Zindagi%20Ko.mp3
522,Ruke Ruke Se Qadam,Geetmala Ki Chhaon Mein Vol 36-40,,,,https://archive.org/download/geetmala_collection/Geetmala/Geetmala%20Ki%20Chhaon%20Mein%20Vol%2036-40/3911Commentary-Ruke%20Ruke%20Se%20Qadam.mp3
523,Hits (Flashes)-Nos 23 To 16,Geetmala Ki Chhaon Mein Vol 36-40,,,,https://archive.org/download/geetmala_collection/Geetmala/Geetmala%20Ki%20Chhaon%20Mein%20Vol%2036-40/3912Commentary-Hits%20%28Flashes%29-Nos%2023%20To%2016.mp3
524,Chupke Chupke Chal Re Purbaiya,Geetmala Ki Chhaon Mein Vol 36-40,,,,https://archive.org/download/geetmala_collection/Geetmala/Geetmala%20Ki%20Chhaon%20Mein%20Vol%2036-40/4001Commentary-Chupke%20Chupke%20Chal%20Re%20Purbaiya.mp3
525,Tum Bhi Chalo Hum Bhi Chalen,Geetmala Ki Chhaon Mein Vol 36-40,,,,https://archive.org/download/geetmala_collection/Geetmala/Geetmala%20Ki%20Chhaon%20Mein%20Vol%2036-40/4002Commentary-Tum%20Bhi%20Chalo%20Hum%20Bhi%20Chalen.mp3
526,Hits Of 1975 (Flashes) Nos 15 To 12,Geetmala Ki Chhaon Mein Vol 36-40,,,,https://archive.org/download/geetmala_collection/Geetmala/Geetmala%20Ki%20Chhaon%20Mein%20Vol%2036-40/4003Commentary-Hits%20Of%201975%20%28Flashes%29%20Nos%2015%20To%2012.mp3
527,Kai Baar Yun Bhi Dekha Hai,Geetmala Ki Chhaon Mein Vol 36-40,,,,https://archive.org/download/geetmala_collection/Geetmala/Geetmala%20Ki%20Chhaon%20Mein%20Vol%2036-40/4004Commentary-Kai%20Baar%20Yun%20Bhi%20Dekha%20Hai.mp3
528,Ek Main Aur Ek Tu,Geetmala Ki Chhaon Mein Vol 36-40,,,,https://archive.org/download/geetmala_collection/Geetmala/Geetmala%20Ki%20Chhaon%20Mein%20Vol%2036-40/4005Commentary-Ek%20Main%20Aur%20Ek%20Tu.mp3
529,Jo Raah Chuni Tune,Geetmala Ki Chhaon Mein Vol 36-40,,,,https://archive.org/download/geetmala_collection/Geetmala/Geetmala%20Ki%20Chhaon%20Mein%20Vol%2036-40/4006Commentary-Jo%20Raah%20Chuni%20Tune.mp3
530,Hits Of 1975 (Flashes) Nos 11 To 7,Geetmala Ki Chhaon Mein Vol 36-40,,,,https://archive.org/download/geetmala_collection/Geetmala/Geetmala%20Ki%20Chhaon%20Mein%20Vol%2036-40/4007Commentary-Hits%20Of%201975%20%28Flashes%29%20Nos%2011%20To%207.mp3
531,Door Rah Kar Na Karo Baat,Geetmala Ki Chhaon Mein Vol 36-40,,,,https://archive.org/download/geetmala_collection/Geetmala/Geetmala%20Ki%20Chhaon%20Mein%20Vol%2036-40/4008Commentary-Door%20Rah%20Kar%20Na%20Karo%20Baat.mp3
532,Badi Sooni Sooni Hai Zindagi,Geetmala Ki Chhaon Mein Vol 36-40,,,,https://archive.org/download/geetmala_collection/Geetmala/Geetmala%20Ki%20Chhaon%20Mein%20Vol%2036-40/4009Commentary-Badi%20Sooni%20Sooni%20Hai%20Zindagi.mp3
533,Har Janam Mein Humara Milan,Geetmala Ki Chhaon Mein Vol 36-40,,,,https://archive.org/download/geetmala_collection/Geetmala/Geetmala%20Ki%20Chhaon%20Mein%20Vol%2036-40/4010Commentary-Har%20Janam%20Mein%20Humara%20Milan.mp3
534,Hits (Flashes) Nos 6 To 3,Geetmala Ki Chhaon Mein Vol 36-40,,,,https://archive.org/download/geetmala_collection/Geetmala/Geetmala%20Ki%20Chhaon%20Mein%20Vol%2036-40/4011Commentary-Hits%20%28Flashes%29%20Nos%206%20To%203.mp3
535,Ang Ang Rang Chhalkaye,Geetmala Ki Chhaon Mein Vol 36-40,,,,https://archive.org/download/geetmala_collection/Geetmala/Geetmala%20Ki%20Chhaon%20Mein%20Vol%2036-40/4012Commentary-Ang%20Ang%20Rang%20Chhalkaye.mp3
536,Hits (Flashes) Nos 1 To 1,Geetmala Ki Chhaon Mein Vol 36-40,,,,https://archive.org/download/geetmala_collection/Geetmala/Geetmala%20Ki%20Chhaon%20Mein%20Vol%2036-40/4013Commentary-Hits%20%28Flashes%29%20Nos%201%20To%201.mp3
537,Aaye Tum Yaad Mujhe,Geetmala Ki Chhaon Mein Vol 36-40,,,,https://archive.org/download/geetmala_collection/Geetmala/Geetmala%20Ki%20Chhaon%20Mein%20Vol%2036-40/4014Commentary-Aaye%20Tum%20Yaad%20Mujhe.mp3
538,Hits (Flashes) Of 1976 Nos 33 To 28,Geetmala Ki Chhaon Mein Vol 41-45,,,,https://archive.org/download/geetmala_collection/Geetmala/Geetmala%20Ki%20Chhaon%20Mein%20Vol%2041-45/4101Commentary-Hits%20%28Flashes%29%20Of%201976%20Nos%2033%20To%2028.mp3
539,Randhir Kapoor-Flashes-Nos 27-26-25,Geetmala Ki Chhaon Mein Vol 41-45,,,,https://archive.org/download/geetmala_collection/Geetmala/Geetmala%20Ki%20Chhaon%20Mein%20Vol%2041-45/4102Commentary-Randhir%20Kapoor-Flashes-Nos%2027-26-25.mp3
540,Hit (Flash) No 24,Geetmala Ki Chhaon Mein Vol 41-45,,,,https://archive.org/download/geetmala_collection/Geetmala/Geetmala%20Ki%20Chhaon%20Mein%20Vol%2041-45/4103Commentary-Hit%20%28Flash%29%20No%2024.mp3
541,Ja Re Ja O Harjaee,Geetmala Ki Chhaon Mein Vol 41-45,,,,https://archive.org/download/geetmala_collection/Geetmala/Geetmala%20Ki%20Chhaon%20Mein%20Vol%2041-45/4104Commentary-Ja%20Re%20Ja%20O%20Harjaee.mp3
542,Hits (Flashes) Nos 23-22-21,Geetmala Ki Chhaon Mein Vol 41-45,,,,https://archive.org/download/geetmala_collection/Geetmala/Geetmala%20Ki%20Chhaon%20Mein%20Vol%2041-45/4105Commentary-Hits%20%28Flashes%29%20Nos%2023-22-21.mp3
543,Lata Mangeshkar-Flash (Special),Geetmala Ki Chhaon Mein Vol 41-45,,,,https://archive.org/download/geetmala_collection/Geetmala/Geetmala%20Ki%20Chhaon%20Mein%20Vol%2041-45/4106Commentary-Lata%20Mangeshkar-Flash%20%28Special%29.mp3
544,Hit (Flash) No 19,Geetmala Ki Chhaon Mein Vol 41-45,,,,https://archive.org/download/geetmala_collection/Geetmala/Geetmala%20Ki%20Chhaon%20Mein%20Vol%2041-45/4107Commentary-Hit%20%28Flash%29%20No%2019.mp3
545,Jhoomta Sawan Dekho Aaya,Geetmala Ki Chhaon Mein Vol 41-45,,,,https://archive.org/download/geetmala_collection/Geetmala/Geetmala%20Ki%20Chhaon%20Mein%20Vol%2041-45/4108Commentary-Jhoomta%20Sawan%20Dekho%20Aaya.mp3
546,Bandhi Re Kahe Preet Piya Ke Sang,Geetmala Ki Chhaon Mein Vol 41-45,,,,https://archive.org/download/geetmala_collection/Geetmala/Geetmala%20Ki%20Chhaon%20Mein%20Vol%2041-45/4109Commentary-Bandhi%20Re%20Kahe%20Preet%20Piya%20Ke%20Sang.mp3
547,Sakti Samant-Zarina Wahab-Hits Flashes No-17 To 14,Geetmala Ki Chhaon Mein Vol 41-45,,,,https://archive.org/download/geetmala_collection/Geetmala/Geetmala%20Ki%20Chhaon%20Mein%20Vol%2041-45/4110Sakti%20Samant-Zarina%20Wahab-Hits%20Flashes%20No-17%20To%2014.mp3
548,Gulzar Pari-Hit (Flashes) No 13,Geetmala Ki Chhaon Mein Vol 41-45,,,,https://archive.org/download/geetmala_collection/Geetmala/Geetmala%20Ki%20Chhaon%20Mein%20Vol%2041-45/4111Commentary-Gulzar%20Pari-Hit%20%28Flashes%29%20No%2013.mp3
549,Hits (Flashes) Of 1976-Nos 11-10,Geetmala Ki Chhaon Mein Vol 41-45,,,,https://archive.org/download/geetmala_collection/Geetmala/Geetmala%20Ki%20Chhaon%20Mein%20Vol%2041-45/4201Commentary-Hits%20%28Flashes%29%20Of%201976-Nos%2011-10.mp3
550,Nitin Mukesh-Hits (Flashes) Nos 8-7,Geetmala Ki Chhaon Mein Vol 41-45,,,,https://archive.org/download/geetmala_collection/Geetmala/Geetmala%20Ki%20Chhaon%20Mein%20Vol%2041-45/4202Commentary-Nitin%20Mukesh-Hits%20%28Flashes%29%20Nos%208-7.mp3
551,C Arun-Yash Raj-Hits (Flashes) Nos 5-4,Geetmala Ki Chhaon Mein Vol 41-45,,,,https://archive.org/download/geetmala_collection/Geetmala/Geetmala%20Ki%20Chhaon%20Mein%20Vol%2041-45/4203Commentary-C%20Arun-Yash%20Raj-Hits%20%28Flashes%29%20Nos%205-4.mp3
552,Shatrughan Sinha-Hits Flashes Of 1977-No-33 to 28,Geetmala Ki Chhaon Mein Vol 41-45,,,,https://archive.org/download/geetmala_collection/Geetmala/Geetmala%20Ki%20Chhaon%20Mein%20Vol%2041-45/4204Shatrughan%20Sinha-Hits%20Flashes%20Of%201977-No-33%20to%2028.mp3
553,Pal Bhar Mein Yeh Kya Ho Gaya,Geetmala Ki Chhaon Mein Vol 41-45,,,,https://archive.org/download/geetmala_collection/Geetmala/Geetmala%20Ki%20Chhaon%20Mein%20Vol%2041-45/4205Commentary-Pal%20Bhar%20Mein%20Yeh%20Kya%20Ho%20Gaya.mp3
554,Hits (Flashes) Nos-27 To 25,Geetmala Ki Chhaon Mein Vol 41-45,,,,https://archive.org/download/geetmala_collection/Geetmala/Geetmala%20Ki%20Chhaon%20Mein%20Vol%2041-45/4206Commentary-Hits%20%28Flashes%29%20Nos-27%20To%2025.mp3
555,Hits (Flashes) Nos 24-22-20-19,Geetmala Ki Chhaon Mein Vol 41-45,,,,https://archive.org/download/geetmala_collection/Geetmala/Geetmala%20Ki%20Chhaon%20Mein%20Vol%2041-45/4207Commentary-Hits%20%28Flashes%29%20Nos%2024-22-20-19.mp3
556,Runa Laila-Shabana Aazm-Hits No-17 To 13,Geetmala Ki Chhaon Mein Vol 41-45,,,,https://archive.org/download/geetmala_collection/Geetmala/Geetmala%20Ki%20Chhaon%20Mein%20Vol%2041-45/4208Runa%20Laila-Shabana%20Aazm-Hits%20No-17%20To%2013.mp3
557,Hits (Flashes) Of 1977-Nos 12-9,Geetmala Ki Chhaon Mein Vol 41-45,,,,https://archive.org/download/geetmala_collection/Geetmala/Geetmala%20Ki%20Chhaon%20Mein%20Vol%2041-45/4301Commentary-Hits%20%28Flashes%29%20Of%201977-Nos%2012-9.mp3
558,Hits (Flashes)Nos 8-7-6,Geetmala Ki Chhaon Mein Vol 41-45,,,,https://archive.org/download/geetmala_collection/Geetmala/Geetmala%20Ki%20Chhaon%20Mein%20Vol%2041-45/4302Commentary-Hits%20%28Flashes%29Nos%208-7-6.mp3
559,Hits (Flashes)Nos 5-4,Geetmala Ki Chhaon Mein Vol 41-45,,,,https://archive.org/download/geetmala_collection/Geetmala/Geetmala%20Ki%20Chhaon%20Mein%20Vol%2041-45/4303Commentary-Hits%20%28Flashes%29Nos%205-4.mp3
560,Aap Yun Faaslon Se-Hit (Flash) No 1,Geetmala Ki Chhaon Mein Vol 41-45,,,,https://archive.org/download/geetmala_collection/Geetmala/Geetmala%20Ki%20Chhaon%20Mein%20Vol%2041-45/4304Commentary-Aap%20Yun%20Faaslon%20Se-Hit%20%28Flash%29%20No%201.mp3
561,Report On Silver Jubilee Function-Hits Flash,Geetmala Ki Chhaon Mein Vol 41-45,,,,https://archive.org/download/geetmala_collection/Geetmala/Geetmala%20Ki%20Chhaon%20Mein%20Vol%2041-45/4305Report%20On%20Silver%20Jubilee%20Function-Hits%20Flash.mp3
562,Annual Top Song Hit Flashes Geetmala 1954 To 1960,Geetmala Ki Chhaon Mein Vol 41-45,,,,https://archive.org/download/geetmala_collection/Geetmala/Geetmala%20Ki%20Chhaon%20Mein%20Vol%2041-45/4306Annual%20Top%20Song%20Hit%20Flashes%20Geetmala%201954%20To%201960.mp3
563,Song Flashes -Interview Kishore Kumar,Geetmala Ki Chhaon Mein Vol 41-45,,,,https://archive.org/download/geetmala_collection/Geetmala/Geetmala%20Ki%20Chhaon%20Mein%20Vol%2041-45/4307Song%20Flashes%20-Interview%20Kishore%20Kumar.mp3
564,Flashes Of Annual Top Hit Songs Geetmala 1961-63,Geetmala Ki Chhaon Mein Vol 41-45,,,,https://archive.org/download/geetmala_collection/Geetmala/Geetmala%20Ki%20Chhaon%20Mein%20Vol%2041-45/4308Flashes%20Of%20Annual%20Top%20Hit%20Songs%20Geetmala%201961-63.mp3
565,Commentary On Silver Jubliee Function-Hit Flash,Geetmala Ki Chhaon Mein Vol 41-45,,,,https://archive.org/download/geetmala_collection/Geetmala/Geetmala%20Ki%20Chhaon%20Mein%20Vol%2041-45/4401Commentary%20On%20Silver%20Jubliee%20Function-Hit%20Flash.mp3
566,Annual Top Song Flashes 1964 To 1968,Geetmala Ki Chhaon Mein Vol 41-45,,,,https://archive.org/download/geetmala_collection/Geetmala/Geetmala%20Ki%20Chhaon%20Mein%20Vol%2041-45/4402Commentary-Annual%20Top%20Song%20Flashes%201964%20To%201968.mp3
567,Song Flashes,Geetmala Ki Chhaon Mein Vol 41-45,,,,https://archive.org/download/geetmala_collection/Geetmala/Geetmala%20Ki%20Chhaon%20Mein%20Vol%2041-45/4403Commentary-Song%20Flashes.mp3
568,Annual Top Song Flashes,Geetmala Ki Chhaon Mein Vol 41-45,,,,https://archive.org/download/geetmala_collection/Geetmala/Geetmala%20Ki%20Chhaon%20Mein%20Vol%2041-45/4404Commentary-Annual%20Top%20Song%20Flashes.mp3
569,Annual Top Hit Song Flashes,Geetmala Ki Chhaon Mein Vol 41-45,,,,https://archive.org/download/geetmala_collection/Geetmala/Geetmala%20Ki%20Chhaon%20Mein%20Vol%2041-45/4405Commentary-Annual%20Top%20Hit%20Song%20Flashes.mp3
570,Song Flashes Of Trophy Presenters,Geetmala Ki Chhaon Mein Vol 41-45,,,,https://archive.org/download/geetmala_collection/Geetmala/Geetmala%20Ki%20Chhaon%20Mein%20Vol%2041-45/4406Commentary-Song%20Flashes%20Of%20Trophy%20Presenters.mp3
571,Song Flashes For Shamshed Begum,Geetmala Ki Chhaon Mein Vol 41-45,,,,https://archive.org/download/geetmala_collection/Geetmala/Geetmala%20Ki%20Chhaon%20Mein%20Vol%2041-45/4407Commentary-Song%20Flashes%20For%20Shamshed%20Begum.mp3
572,Annual Top Song Flashes 1975 To 1977,Geetmala Ki Chhaon Mein Vol 41-45,,,,https://archive.org/download/geetmala_collection/Geetmala/Geetmala%20Ki%20Chhaon%20Mein%20Vol%2041-45/4408Commentary-Annual%20Top%20Song%20Flashes%201975%20To%201977.mp3
573,Song Flashes Of Annual Program That Year 1978,Geetmala Ki Chhaon Mein Vol 41-45,,,,https://archive.org/download/geetmala_collection/Geetmala/Geetmala%20Ki%20Chhaon%20Mein%20Vol%2041-45/4409Song%20Flashes%20Of%20Annual%20Program%20That%20Year%201978.mp3
574,Aapki Yaad Aati Rahi Raat Bhar,Geetmala Ki Chhaon Mein Vol 41-45,,,,https://archive.org/download/geetmala_collection/Geetmala/Geetmala%20Ki%20Chhaon%20Mein%20Vol%2041-45/4410Commentary-Aapki%20Yaad%20Aati%20Rahi%20Raat%20Bhar.mp3
575,Hits (Flashes) Of 1978-Nos 22-21,Geetmala Ki Chhaon Mein Vol 41-45,,,,https://archive.org/download/geetmala_collection/Geetmala/Geetmala%20Ki%20Chhaon%20Mein%20Vol%2041-45/4501Commentary-Hits%20%28Flashes%29%20Of%201978-Nos%2022-21.mp3
576,Kai Din Se Mujhe,Geetmala Ki Chhaon Mein Vol 41-45,,,,https://archive.org/download/geetmala_collection/Geetmala/Geetmala%20Ki%20Chhaon%20Mein%20Vol%2041-45/4502Commentary-Kai%20Din%20Se%20Mujhe.mp3
577,Hits (Flashes) Nos 19 To 15-Interview Pran-Khayyam,Geetmala Ki Chhaon Mein Vol 41-45,,,,https://archive.org/download/geetmala_collection/Geetmala/Geetmala%20Ki%20Chhaon%20Mein%20Vol%2041-45/4503Hits%20%28Flashes%29%20Nos%2019%20To%2015-Interview%20Pran-Khayyam.mp3
578,Meri Sanson Ko Jo Mahka Rahi Hai,Geetmala Ki Chhaon Mein Vol 41-45,,,,https://archive.org/download/geetmala_collection/Geetmala/Geetmala%20Ki%20Chhaon%20Mein%20Vol%2041-45/4504Commentary-Meri%20Sanson%20Ko%20Jo%20Mahka%20Rahi%20Hai.mp3
579,Hits (Flashes) Nos 14 To 6,Geetmala Ki Chhaon Mein Vol 41-45,,,,https://archive.org/download/geetmala_collection/Geetmala/Geetmala%20Ki%20Chhaon%20Mein%20Vol%2041-45/4505Commentary-Hits%20%28Flashes%29%20Nos%2014%20To%206.mp3
580,Seene Mein Jalan,Geetmala Ki Chhaon Mein Vol 41-45,,,,https://archive.org/download/geetmala_collection/Geetmala/Geetmala%20Ki%20Chhaon%20Mein%20Vol%2041-45/4506Commentary-Seene%20Mein%20Jalan.mp3
581,Hits (Flashes) Nos 4-3-Interview Chandra Barot,Geetmala Ki Chhaon Mein Vol 41-45,,,,https://archive.org/download/geetmala_collection/Geetmala/Geetmala%20Ki%20Chhaon%20Mein%20Vol%2041-45/4507Hits%20%28Flashes%29%20Nos%204-3-Interview%20Chandra%20Barot.mp3
582,Aajkal Paon Zaamin Par Nahin Padte,Geetmala Ki Chhaon Mein Vol 41-45,,,,https://archive.org/download/geetmala_collection/Geetmala/Geetmala%20Ki%20Chhaon%20Mein%20Vol%2041-45/4508Commentary-Aajkal%20Paon%20Zaamin%20Par%20Nahin%20Padte.mp3
583,Hits (Flashes) Nos 2-1-Interview Reena Roy,Geetmala Ki Chhaon Mein Vol 41-45,,,,https://archive.org/download/geetmala_collection/Geetmala/Geetmala%20Ki%20Chhaon%20Mein%20Vol%2041-45/4509Hits%20%28Flashes%29%20Nos%202-1-Interview%20Reena%20Roy.mp3
584,Zindagi Mere Ghar Aana,Geetmala Ki Chhaon Mein Vol 46-50,,,,https://archive.org/download/geetmala_collection/Geetmala/Geetmala%20Ki%20Chhaon%20Mein%20Vol%2046-50/4601Commentary-Zindagi%20Mere%20Ghar%20Aana.mp3
585,Hits (Flashes) Nos 35 To 33,Geetmala Ki Chhaon Mein Vol 46-50,,,,https://archive.org/download/geetmala_collection/Geetmala/Geetmala%20Ki%20Chhaon%20Mein%20Vol%2046-50/4602Commentary-Hits%20%28Flashes%29%20Nos%2035%20To%2033.mp3
586,Interview Shamshad Begum,Geetmala Ki Chhaon Mein Vol 46-50,,,,https://archive.org/download/geetmala_collection/Geetmala/Geetmala%20Ki%20Chhaon%20Mein%20Vol%2046-50/4603Commentary-Interview%20Shamshad%20Begum.mp3
587,Tauba Tauba Kya Hoga,Geetmala Ki Chhaon Mein Vol 46-50,,,,https://archive.org/download/geetmala_collection/Geetmala/Geetmala%20Ki%20Chhaon%20Mein%20Vol%2046-50/4604Commentary-Tauba%20Tauba%20Kya%20Hoga.mp3
588,Simti Hui Yeh Ghadiyan,Geetmala Ki Chhaon Mein Vol 46-50,,,,https://archive.org/download/geetmala_collection/Geetmala/Geetmala%20Ki%20Chhaon%20Mein%20Vol%2046-50/4605Commentary-Simti%20Hui%20Yeh%20Ghadiyan.mp3
589,Ek Ritu Aaye Ek Ritu Jaye-Interview Pran,Geetmala Ki Chhaon Mein Vol 46-50,,,,https://archive.org/download/geetmala_collection/Geetmala/Geetmala%20Ki%20Chhaon%20Mein%20Vol%2046-50/4606Ek%20Ritu%20Aaye%20Ek%20Ritu%20Jaye-Interview%20Pran.mp3
590,Hits(Flashes) Nos 32-30 To 28-Interview Jaya Prada,Geetmala Ki Chhaon Mein Vol 46-50,,,,https://archive.org/download/geetmala_collection/Geetmala/Geetmala%20Ki%20Chhaon%20Mein%20Vol%2046-50/4607Hits%28Flashes%29%20Nos%2032-30%20To%2028-Interview%20Jaya%20Prada.mp3
591,Yeh Paude Yeh Patte Yeh Phool,Geetmala Ki Chhaon Mein Vol 46-50,,,,https://archive.org/download/geetmala_collection/Geetmala/Geetmala%20Ki%20Chhaon%20Mein%20Vol%2046-50/4608Commentary-Yeh%20Paude%20Yeh%20Patte%20Yeh%20Phool.mp3
592,Hamse Ka Bhool Huyi,Geetmala Ki Chhaon Mein Vol 46-50,,,,https://archive.org/download/geetmala_collection/Geetmala/Geetmala%20Ki%20Chhaon%20Mein%20Vol%2046-50/4609Commentary-Hamse%20Ka%20Bhool%20Huyi.mp3
593,Hits (Flashes) Nos 27 To 23,Geetmala Ki Chhaon Mein Vol 46-50,,,,https://archive.org/download/geetmala_collection/Geetmala/Geetmala%20Ki%20Chhaon%20Mein%20Vol%2046-50/4610Commentary-Hits%20%28Flashes%29%20Nos%2027%20To%2023.mp3
594,Rimjhim Gire Sawan,Geetmala Ki Chhaon Mein Vol 46-50,,,,https://archive.org/download/geetmala_collection/Geetmala/Geetmala%20Ki%20Chhaon%20Mein%20Vol%2046-50/4611Commentary-Rimjhim%20Gire%20Sawan.mp3
595,Hits(Flashes) Nos 19-18-15-Interview Sanjeev Kumar,Geetmala Ki Chhaon Mein Vol 46-50,,,,https://archive.org/download/geetmala_collection/Geetmala/Geetmala%20Ki%20Chhaon%20Mein%20Vol%2046-50/4612Hits%28Flashes%29%20Nos%2019-18-15-Interview%20Sanjeev%20Kumar.mp3
596,Sunayana Sunayana,Geetmala Ki Chhaon Mein Vol 46-50,,,,https://archive.org/download/geetmala_collection/Geetmala/Geetmala%20Ki%20Chhaon%20Mein%20Vol%2046-50/4613Commentary-Sunayana%20Sunayana.mp3
597,Hits (Flashes) Nos 14-13,Geetmala Ki Chhaon Mein Vol 46-50,,,,https://archive.org/download/geetmala_collection/Geetmala/Geetmala%20Ki%20Chhaon%20Mein%20Vol%2046-50/4701Commentary-Hits%20%28Flashes%29%20Nos%2014-13.mp3
598,Speech By Dev Anand,Geetmala Ki Chhaon Mein Vol 46-50,,,,https://archive.org/download/geetmala_collection/Geetmala/Geetmala%20Ki%20Chhaon%20Mein%20Vol%2046-50/4702Commentary-Speech%20By%20Dev%20Anand.mp3
599,Na Bole Tum Na Maine Kuchh Kaha,Geetmala Ki Chhaon Mein Vol 46-50,,,,https://archive.org/download/geetmala_collection/Geetmala/Geetmala%20Ki%20Chhaon%20Mein%20Vol%2046-50/4703Commentary-Na%20Bole%20Tum%20Na%20Maine%20Kuchh%20Kaha.mp3
600,Zid Na Karo Ab To Ruko,Geetmala Ki Chhaon Mein Vol 46-50,,,,https://archive.org/download/geetmala_collection/Geetmala/Geetmala%20Ki%20Chhaon%20Mein%20Vol%2046-50/4704Commentary-Zid%20Na%20Karo%20Ab%20To%20Ruko.mp3
601,Hit (Flash) No 12,Geetmala Ki Chhaon Mein Vol 46-50,,,,https://archive.org/download/geetmala_collection/Geetmala/Geetmala%20Ki%20Chhaon%20Mein%20Vol%2046-50/4705Commentary-Hit%20%28Flash%29%20No%2012.mp3
602,Hit (Flash) No 11,Geetmala Ki Chhaon Mein Vol 46-50,,,,https://archive.org/download/geetmala_collection/Geetmala/Geetmala%20Ki%20Chhaon%20Mein%20Vol%2046-50/4706Commentary-Hit%20%28Flash%29%20No%2011.mp3
603,Hits (Flashes) Nos 10-9-Interview Nutan,Geetmala Ki Chhaon Mein Vol 46-50,,,,https://archive.org/download/geetmala_collection/Geetmala/Geetmala%20Ki%20Chhaon%20Mein%20Vol%2046-50/4707Hits%20%28Flashes%29%20Nos%2010-9-Interview%20Nutan.mp3
604,Gunche Lage Hain Kahne,Geetmala Ki Chhaon Mein Vol 46-50,,,,https://archive.org/download/geetmala_collection/Geetmala/Geetmala%20Ki%20Chhaon%20Mein%20Vol%2046-50/4708Commentary-Gunche%20Lage%20Hain%20Kahne.mp3
605,Hits (Flashes) Nos 8-7-Voice Of Sunil Dutt,Geetmala Ki Chhaon Mein Vol 46-50,,,,https://archive.org/download/geetmala_collection/Geetmala/Geetmala%20Ki%20Chhaon%20Mein%20Vol%2046-50/4709Hits%20%28Flashes%29%20Nos%208-7-Voice%20Of%20Sunil%20Dutt.mp3
606,Commentary (Geetmala Ki Chhaon Mein Vol 47),Geetmala Ki Chhaon Mein Vol 46-50,,,,https://archive.org/download/geetmala_collection/Geetmala/Geetmala%20Ki%20Chhaon%20Mein%20Vol%2046-50/4710Commentary%20%28Geetmala%20Ki%20Chhaon%20Mein%20Vol%2047%29.mp3
607,Hit (Flash) No 6,Geetmala Ki Chhaon Mein Vol 46-50,,,,https://archive.org/download/geetmala_collection/Geetmala/Geetmala%20Ki%20Chhaon%20Mein%20Vol%2046-50/4711Commentary-Hit%20%28Flash%29%20No%206.mp3
608,Boliye Surili Boliyan,Geetmala Ki Chhaon Mein Vol 46-50,,,,https://archive.org/download/geetmala_collection/Geetmala/Geetmala%20Ki%20Chhaon%20Mein%20Vol%2046-50/4712Commentary-Boliye%20Surili%20Boliyan.mp3
609,Hits (Flashes) Nos 5-3,Geetmala Ki Chhaon Mein Vol 46-50,,,,https://archive.org/download/geetmala_collection/Geetmala/Geetmala%20Ki%20Chhaon%20Mein%20Vol%2046-50/4713Commentary-Hits%20%28Flashes%29%20Nos%205-3.mp3
610,Chand Jaise Mukhde Pe,Geetmala Ki Chhaon Mein Vol 46-50,,,,https://archive.org/download/geetmala_collection/Geetmala/Geetmala%20Ki%20Chhaon%20Mein%20Vol%2046-50/4714Commentary-Chand%20Jaise%20Mukhde%20Pe.mp3
611,Hit (Flash) No 2-Interview Farooq Shaikh,Geetmala Ki Chhaon Mein Vol 46-50,,,,https://archive.org/download/geetmala_collection/Geetmala/Geetmala%20Ki%20Chhaon%20Mein%20Vol%2046-50/4715Hit%20%28Flash%29%20No%202-Interview%20Farooq%20Shaikh.mp3
612,Bahon Mein Teri Masti Ke Ghere,Geetmala Ki Chhaon Mein Vol 46-50,,,,https://archive.org/download/geetmala_collection/Geetmala/Geetmala%20Ki%20Chhaon%20Mein%20Vol%2046-50/4716Commentary-Bahon%20Mein%20Teri%20Masti%20Ke%20Ghere.mp3
613,Hit (Flash) No 1-Kuchh Tum Karo Kuchh Hum Karen,Geetmala Ki Chhaon Mein Vol 46-50,,,,https://archive.org/download/geetmala_collection/Geetmala/Geetmala%20Ki%20Chhaon%20Mein%20Vol%2046-50/4717Hit%20%28Flash%29%20No%201-Kuchh%20Tum%20Karo%20Kuchh%20Hum%20Karen.mp3
614,Hit Flash -Interview Manna Dey,Geetmala Ki Chhaon Mein Vol 46-50,,,,https://archive.org/download/geetmala_collection/Geetmala/Geetmala%20Ki%20Chhaon%20Mein%20Vol%2046-50/4801Hit%20Flash%20-Interview%20Manna%20Dey.mp3
615,Hits (Flashes) Of 1980 Nos 34 To 32,Geetmala Ki Chhaon Mein Vol 46-50,,,,https://archive.org/download/geetmala_collection/Geetmala/Geetmala%20Ki%20Chhaon%20Mein%20Vol%2046-50/4802Commentary-Hits%20%28Flashes%29%20Of%201980%20Nos%2034%20To%2032.mp3
616,Dard-E-Dil Dard-E-Jigar,Geetmala Ki Chhaon Mein Vol 46-50,,,,https://archive.org/download/geetmala_collection/Geetmala/Geetmala%20Ki%20Chhaon%20Mein%20Vol%2046-50/4803Commentary-Dard-E-Dil%20Dard-E-Jigar.mp3
617,Piya Bawri Piya Bawri,Geetmala Ki Chhaon Mein Vol 46-50,,,,https://archive.org/download/geetmala_collection/Geetmala/Geetmala%20Ki%20Chhaon%20Mein%20Vol%2046-50/4804Commentary-Piya%20Bawri%20Piya%20Bawri.mp3
618,Hits Flashes No-31-30&24-22,Geetmala Ki Chhaon Mein Vol 46-50,,,,https://archive.org/download/geetmala_collection/Geetmala/Geetmala%20Ki%20Chhaon%20Mein%20Vol%2046-50/4805Hits%20Flashes%20No-31-30%2624-22.mp3
619,Thodi Si Zamin Thoda Aasman,Geetmala Ki Chhaon Mein Vol 46-50,,,,https://archive.org/download/geetmala_collection/Geetmala/Geetmala%20Ki%20Chhaon%20Mein%20Vol%2046-50/4806Commentary-Thodi%20Si%20Zamin%20Thoda%20Aasman.mp3
620,Hits (Flashes) Nos 21-20,Geetmala Ki Chhaon Mein Vol 46-50,,,,https://archive.org/download/geetmala_collection/Geetmala/Geetmala%20Ki%20Chhaon%20Mein%20Vol%2046-50/4807Commentary-Hits%20%28Flashes%29%20Nos%2021-20.mp3
621,Tumko Khush Dekh Kar,Geetmala Ki Chhaon Mein Vol 46-50,,,,https://archive.org/download/geetmala_collection/Geetmala/Geetmala%20Ki%20Chhaon%20Mein%20Vol%2046-50/4808Commentary-Tumko%20Khush%20Dekh%20Kar.mp3
622,Hit (Flash) No 19,Geetmala Ki Chhaon Mein Vol 46-50,,,,https://archive.org/download/geetmala_collection/Geetmala/Geetmala%20Ki%20Chhaon%20Mein%20Vol%2046-50/4809Commentary-Hit%20%28Flash%29%20No%2019.mp3
623,Hit (Flash) No 18-Interview Laxmikant,Geetmala Ki Chhaon Mein Vol 46-50,,,,https://archive.org/download/geetmala_collection/Geetmala/Geetmala%20Ki%20Chhaon%20Mein%20Vol%2046-50/4810Commentary-Hit%20%28Flash%29%20No%2018-Interview%20Laxmikant.mp3
624,Lambi Judaai,Geetmala Ki Chhaon Mein Vol 46-50,,,,https://archive.org/download/geetmala_collection/Geetmala/Geetmala%20Ki%20Chhaon%20Mein%20Vol%2046-50/4811Commentary-Lambi%20Judaai.mp3
625,Hits Flashes Of 1980 No-15To13,Geetmala Ki Chhaon Mein Vol 46-50,,,,https://archive.org/download/geetmala_collection/Geetmala/Geetmala%20Ki%20Chhaon%20Mein%20Vol%2046-50/4901Hits%20Flashes%20Of%201980%20No-15To13.mp3
626,Tu Is Tarah Se Mere Zindagi Main,Geetmala Ki Chhaon Mein Vol 46-50,,,,https://archive.org/download/geetmala_collection/Geetmala/Geetmala%20Ki%20Chhaon%20Mein%20Vol%2046-50/4902Commentary-Tu%20Is%20Tarah%20Se%20Mere%20Zindagi%20Main.mp3
627,Hits (Flashes) Nos 12-11-Intervierw Vinod Khanna,Geetmala Ki Chhaon Mein Vol 46-50,,,,https://archive.org/download/geetmala_collection/Geetmala/Geetmala%20Ki%20Chhaon%20Mein%20Vol%2046-50/4903Hits%20%28Flashes%29%20Nos%2012-11-Intervierw%20Vinod%20Khanna.mp3
628,Suman Sudha,Geetmala Ki Chhaon Mein Vol 46-50,,,,https://archive.org/download/geetmala_collection/Geetmala/Geetmala%20Ki%20Chhaon%20Mein%20Vol%2046-50/4904Commentary-Suman%20Sudha.mp3
629,Hit (Flash) No 10,Geetmala Ki Chhaon Mein Vol 46-50,,,,https://archive.org/download/geetmala_collection/Geetmala/Geetmala%20Ki%20Chhaon%20Mein%20Vol%2046-50/4905Commentary-Hit%20%28Flash%29%20No%2010.mp3
630,Dekho Kanha Nahin Manat Batiyan,Geetmala Ki Chhaon Mein Vol 46-50,,,,https://archive.org/download/geetmala_collection/Geetmala/Geetmala%20Ki%20Chhaon%20Mein%20Vol%2046-50/4906Commentary-Dekho%20Kanha%20Nahin%20Manat%20Batiyan.mp3
631,Hasin Hasin Wadiyan,Geetmala Ki Chhaon Mein Vol 46-50,,,,https://archive.org/download/geetmala_collection/Geetmala/Geetmala%20Ki%20Chhaon%20Mein%20Vol%2046-50/4907Commentary-Hasin%20Hasin%20Wadiyan.mp3
632,Hits (Flashes) Nos 9-8-Voice Of Sahir Ludhiyanvi,Geetmala Ki Chhaon Mein Vol 46-50,,,,https://archive.org/download/geetmala_collection/Geetmala/Geetmala%20Ki%20Chhaon%20Mein%20Vol%2046-50/4908Hits%20%28Flashes%29%20Nos%209-8-Voice%20Of%20Sahir%20Ludhiyanvi.mp3
633,Hits (Flashes) Nos 7-5,Geetmala Ki Chhaon Mein Vol 46-50,,,,https://archive.org/download/geetmala_collection/Geetmala/Geetmala%20Ki%20Chhaon%20Mein%20Vol%2046-50/4909Commentary-Hits%20%28Flashes%29%20Nos%207-5.mp3
634,Tumhein Geeton Mein Dhalonga,Geetmala Ki Chhaon Mein Vol 46-50,,,,https://archive.org/download/geetmala_collection/Geetmala/Geetmala%20Ki%20Chhaon%20Mein%20Vol%2046-50/4910Commentary-Tumhein%20Geeton%20Mein%20Dhalonga.mp3
635,Hits (Flashes) Nos 3 To 1-Interview Rishi Kapoor,Geetmala Ki Chhaon Mein Vol 46-50,,,,https://archive.org/download/geetmala_collection/Geetmala/Geetmala%20Ki%20Chhaon%20Mein%20Vol%2046-50/4911Hits%20%28Flashes%29%20Nos%203%20To%201-Interview%20Rishi%20Kapoor.mp3
636,Hits (Flashes) Of 81 To 82,Geetmala Ki Chhaon Mein Vol 46-50,,,,https://archive.org/download/geetmala_collection/Geetmala/Geetmala%20Ki%20Chhaon%20Mein%20Vol%2046-50/5001Commentary-Hits%20%28Flashes%29%20Of%2081%20To%2082.mp3
637,Hits (Flashes) Of 83 To 85,Geetmala Ki Chhaon Mein Vol 46-50,,,,https://archive.org/download/geetmala_collection/Geetmala/Geetmala%20Ki%20Chhaon%20Mein%20Vol%2046-50/5002Commentary-Hits%20%28Flashes%29%20Of%2083%20To%2085.mp3
638,Hits (Flashes) Of 86 To 89,Geetmala Ki Chhaon Mein Vol 46-50,,,,https://archive.org/download/geetmala_collection/Geetmala/Geetmala%20Ki%20Chhaon%20Mein%20Vol%2046-50/5003Commentary-Hits%20%28Flashes%29%20Of%2086%20To%2089.mp3
639,Hits (Flashes) Of 90 To 91,Geetmala Ki Chhaon Mein Vol 46-50,,,,https://archive.org/download/geetmala_collection/Geetmala/Geetmala%20Ki%20Chhaon%20Mein%20Vol%2046-50/5004Commentary-Hits%20%28Flashes%29%20Of%2090%20To%2091.mp3
640,Hits (Flashes) Of 92-Pehla Nasha,Geetmala Ki Chhaon Mein Vol 46-50,,,,https://archive.org/download/geetmala_collection/Geetmala/Geetmala%20Ki%20Chhaon%20Mein%20Vol%2046-50/5005Commentary-Hits%20%28Flashes%29%20Of%2092-Pehla%20Nasha.mp3
641,Hits (Flashes) Of 92,Geetmala Ki Chhaon Mein Vol 46-50,,,,https://archive.org/download/geetmala_collection/Geetmala/Geetmala%20Ki%20Chhaon%20Mein%20Vol%2046-50/5006Commentary-Hits%20%28Flashes%29%20Of%2092.mp3
642,Hits (Flashes) Of 94 To 95-Kuchh Na Kaho,Geetmala Ki Chhaon Mein Vol 46-50,,,,https://archive.org/download/geetmala_collection/Geetmala/Geetmala%20Ki%20Chhaon%20Mein%20Vol%2046-50/5007Hits%20%28Flashes%29%20Of%2094%20To%2095-Kuchh%20Na%20Kaho.mp3
643,Hits (Flashes) Of 97-Awaara Bhanwara,Geetmala Ki Chhaon Mein Vol 46-50,,,,https://archive.org/download/geetmala_collection/Geetmala/Geetmala%20Ki%20Chhaon%20Mein%20Vol%2046-50/5008Commentary-Hits%20%28Flashes%29%20Of%2097-Awaara%20Bhanwara.mp3
644,Hits (Flashes) Of 2000-Mere Humsafar,Geetmala Ki Chhaon Mein Vol 46-50,,,,https://archive.org/download/geetmala_collection/Geetmala/Geetmala%20Ki%20Chhaon%20Mein%20Vol%2046-50/5009Commentary-Hits%20%28Flashes%29%20Of%202000-Mere%20Humsafar.mp3
